auc_roc,pr_auc,f1,precision,recall,fpr,fnr,brier,ece,threshold,tp,fp,tn,fn,model_key,model,parameter_count
0.8478030001327491,0.8300234362789438,0.8387096774193548,1.0,0.7222222222222222,0.0,0.2777777777777778,0.07052035587235742,0.0975400978906287,0.5299999999999999,117,0,558,45,gaze_only,Gaze-only,801
0.999988937563609,0.9999620129357059,0.9969040247678018,1.0,0.9938271604938271,0.0,0.006172839506172839,0.012115803618855198,0.03489898690186742,0.63,161,0,558,1,interaction_only,Interaction-only,801
0.9594782954998009,0.9292004483071722,0.851063829787234,0.8383233532934131,0.8641975308641975,0.04838709677419355,0.13580246913580246,0.05218560627106244,0.05382523880236679,0.59,140,27,531,22,environment_only,Environment-only,737
1.0,1.0,1.0,1.0,1.0,0.0,0.0,2.2267566045308653e-06,0.0001346321776509285,0.6,162,0,558,0,gaze_interaction,Gaze + Interaction,3073
0.9727310942962077,0.962442967407561,0.9180327868852458,0.9790209790209791,0.8641975308641975,0.005376344086021506,0.13580246913580246,0.027386667224336927,0.024750449529124627,0.7,140,3,555,22,gaze_environment,Gaze + Environment,2945
0.9999004380724811,0.9996518269019032,0.9907692307692307,0.9877300613496932,0.9938271604938271,0.0035842293906810036,0.006172839506172839,0.003251360093644372,0.0036771591960536648,0.48999999999999994,161,2,556,1,interaction_environment,Interaction + Environment,2945
1.0,1.0,1.0,1.0,1.0,0.0,0.0,1.2371003278886982e-08,9.656315114625613e-06,0.10999999999999999,162,0,558,0,early_fusion,Early Fusion,10881
1.0,1.0,1.0,1.0,1.0,0.0,0.0,1.0193450913057698e-05,0.0005519124970305712,0.29,162,0,558,0,late_fusion,Late Fusion,806
1.0,1.0,1.0,1.0,1.0,0.0,0.0,1.0006488970161445e-11,1.1234065965481933e-06,0.05,162,0,558,0,attention_fusion,Three-stream Attention Fusion,93825
