model,label,prediction
gaze_only,0,0.4752
gaze_only,1,0.4619
gaze_only,1,0.5982
gaze_only,0,0.1928
gaze_only,0,0.3682
gaze_only,1,1.0
gaze_only,0,0.2817
gaze_only,1,0.8254
gaze_only,0,0.0
gaze_only,0,0.2329
gaze_only,1,0.3049
gaze_only,1,0.1734
gaze_only,1,0.2926
gaze_only,1,0.4831
gaze_only,1,0.9206
gaze_only,1,0.1358
gaze_only,1,0.6107
gaze_only,0,0.0805
gaze_only,1,0.4853
gaze_only,0,0.601
gaze_only,1,0.7883
gaze_only,0,0.7181
gaze_only,0,0.1959
gaze_only,1,0.3564
gaze_only,1,0.5216
gaze_only,1,0.6849
gaze_only,0,0.3118
gaze_only,1,0.2205
gaze_only,1,0.6317
gaze_only,0,0.3299
gaze_only,0,1.0
gaze_only,0,0.9069
gaze_only,0,0.0
gaze_only,1,0.4994
gaze_only,1,0.0878
gaze_only,0,0.0433
gaze_only,1,0.7105
gaze_only,1,1.0
gaze_only,0,0.0
gaze_only,1,0.371
gaze_only,0,0.0
gaze_only,1,0.5431
gaze_only,1,0.2282
gaze_only,0,0.0647
gaze_only,0,0.0
gaze_only,1,0.567
gaze_only,0,0.0
gaze_only,1,0.0865
gaze_only,1,1.0
gaze_only,1,0.1494
gaze_only,1,0.2161
gaze_only,0,0.8929
gaze_only,0,1.0
gaze_only,0,0.0
gaze_only,0,0.1211
gaze_only,0,0.3695
gaze_only,1,1.0
gaze_only,0,0.0
gaze_only,1,0.5142
gaze_only,1,0.8721
gaze_only,1,0.7522
gaze_only,1,0.4683
gaze_only,0,0.2032
gaze_only,1,0.1188
gaze_only,0,0.1666
gaze_only,0,0.1568
gaze_only,1,0.6813
gaze_only,0,0.0556
gaze_only,0,0.415
gaze_only,0,0.6045
gaze_only,1,0.6544
gaze_only,0,0.3731
gaze_only,0,0.2686
gaze_only,0,0.25
gaze_only,1,0.3475
gaze_only,0,0.3608
gaze_only,0,0.2159
gaze_only,0,0.9826
gaze_only,1,1.0
gaze_only,1,0.735
gaze_only,1,0.3329
gaze_only,0,0.0
gaze_only,0,0.6669
gaze_only,1,0.692
gaze_only,1,0.7681
gaze_only,1,0.0
gaze_only,0,0.5746
gaze_only,0,0.409
gaze_only,1,0.2113
gaze_only,1,0.435
gaze_only,0,0.3423
gaze_only,1,0.6184
gaze_only,1,0.4977
gaze_only,0,0.2138
gaze_only,1,0.5118
gaze_only,0,0.3034
gaze_only,0,0.765
gaze_only,1,0.0
gaze_only,1,0.5171
gaze_only,0,0.3118
gaze_only,1,0.7036
gaze_only,0,0.1198
gaze_only,1,0.0
gaze_only,0,0.3648
gaze_only,1,1.0
gaze_only,1,0.0631
gaze_only,1,0.9023
gaze_only,1,0.485
gaze_only,0,0.2285
gaze_only,1,0.2315
gaze_only,0,0.1329
gaze_only,1,1.0
gaze_only,1,0.8039
gaze_only,0,0.8563
gaze_only,1,1.0
gaze_only,1,0.7537
gaze_only,0,0.8604
gaze_only,0,0.4036
gaze_only,0,0.5398
gaze_only,0,0.1462
gaze_only,0,0.2733
gaze_only,1,0.3559
gaze_only,1,0.9464
gaze_only,0,0.0
gaze_only,1,0.8738
gaze_only,1,0.5333
gaze_only,0,0.6599
gaze_only,1,0.8628
gaze_only,1,1.0
gaze_only,1,0.8558
gaze_only,1,0.0498
gaze_only,1,0.5766
gaze_only,0,0.0
gaze_only,1,0.4186
gaze_only,1,1.0
gaze_only,0,0.4731
gaze_only,1,0.3554
gaze_only,0,0.0
gaze_only,0,0.2615
gaze_only,0,0.0
gaze_only,1,0.3651
gaze_only,0,0.3592
gaze_only,0,0.6544
gaze_only,0,0.4631
gaze_only,1,0.0
gaze_only,1,0.7065
gaze_only,0,0.2752
gaze_only,0,0.3949
gaze_only,1,1.0
gaze_only,0,0.0
gaze_only,1,0.3931
gaze_only,0,0.4568
gaze_only,1,0.0464
gaze_only,0,0.7666
gaze_only,0,0.3789
gaze_only,1,0.8963
gaze_only,0,0.0502
gaze_only,1,0.8848
gaze_only,1,0.974
gaze_only,1,0.6815
gaze_only,1,0.682
gaze_only,1,0.6946
gaze_only,0,0.0
gaze_only,0,0.1984
gaze_only,0,0.1966
gaze_only,1,0.7342
gaze_only,0,0.5999
gaze_only,0,0.0
gaze_only,0,0.2062
gaze_only,0,0.7685
gaze_only,0,0.0
gaze_only,0,0.0
gaze_only,1,0.6708
gaze_only,1,0.8955
gaze_only,1,0.604
gaze_only,0,0.7151
gaze_only,1,0.8999
gaze_only,0,0.5446
gaze_only,1,0.7939
gaze_only,1,1.0
gaze_only,1,0.5282
gaze_only,0,0.0
gaze_only,0,0.8115
gaze_only,1,0.4398
gaze_only,0,0.2878
gaze_only,0,0.7083
gaze_only,0,0.0
gaze_only,0,0.0
gaze_only,0,0.0
gaze_only,0,0.0
gaze_only,1,0.7539
gaze_only,1,0.7835
gaze_only,1,0.6967
gaze_only,0,0.0
gaze_only,1,0.0
gaze_only,0,0.269
gaze_only,0,0.0849
gaze_only,0,0.4108
gaze_only,0,0.4957
gaze_only,1,0.6484
gaze_only,0,0.516
gaze_only,1,0.6802
gaze_only,0,0.4355
gaze_only,1,0.3534
gaze_only,0,0.1871
gaze_only,0,0.3189
gaze_only,1,0.8872
gaze_only,1,0.4622
gaze_only,0,0.4324
gaze_only,1,0.507
gaze_only,0,0.2089
gaze_only,1,0.8903
gaze_only,1,0.0
gaze_only,0,0.0
gaze_only,1,0.0812
gaze_only,0,0.0
gaze_only,0,0.0126
gaze_only,0,0.5123
gaze_only,0,0.1503
gaze_only,1,0.6692
gaze_only,0,0.6312
gaze_only,0,0.7147
gaze_only,1,0.5758
gaze_only,0,0.7238
gaze_only,1,0.6322
gaze_only,0,0.0
gaze_only,1,0.392
gaze_only,1,0.0818
gaze_only,1,0.2892
gaze_only,0,0.1247
gaze_only,0,0.5313
gaze_only,1,1.0
gaze_only,0,0.0
gaze_only,1,0.7375
gaze_only,0,0.0
gaze_only,1,0.7661
gaze_only,1,0.5541
gaze_only,0,0.0
gaze_only,0,0.5749
gaze_only,1,0.3882
gaze_only,0,0.0631
gaze_only,1,0.2256
gaze_only,0,0.021
gaze_only,1,0.7498
gaze_only,1,0.5338
gaze_only,0,0.365
gaze_only,1,0.7267
gaze_only,0,0.7122
gaze_only,1,0.48
gaze_only,0,0.0
gaze_only,0,0.6235
gaze_only,0,0.134
gaze_only,0,0.6401
gaze_only,0,0.3842
gaze_only,1,0.5541
gaze_only,0,0.3721
gaze_only,1,1.0
gaze_only,0,0.9769
gaze_only,0,0.2743
gaze_only,1,0.6561
gaze_only,1,0.9767
gaze_only,0,0.0
gaze_only,0,0.3666
gaze_only,1,0.5909
gaze_only,1,0.7099
gaze_only,1,0.3083
gaze_only,0,0.0
gaze_only,0,0.0
gaze_only,1,0.2089
gaze_only,1,0.4395
gaze_only,0,0.1474
gaze_only,0,0.928
gaze_only,0,0.6371
gaze_only,1,0.2633
gaze_only,0,0.3717
gaze_only,0,0.1075
gaze_only,0,0.1505
gaze_only,1,0.6649
gaze_only,0,0.4667
gaze_only,0,0.1313
gaze_only,0,0.6223
gaze_only,0,0.0
gaze_only,1,0.6022
gaze_only,0,1.0
gaze_only,0,0.3281
gaze_only,1,1.0
gaze_only,0,0.282
gaze_only,1,0.8033
gaze_only,1,0.5801
gaze_only,0,0.1904
gaze_only,1,0.3272
gaze_only,0,0.4006
gaze_only,1,0.302
gaze_only,0,0.483
gaze_only,1,0.9799
gaze_only,1,0.7283
gaze_only,1,0.4998
gaze_only,0,0.4089
gaze_only,0,0.142
gaze_only,0,0.5774
gaze_only,0,0.0
gaze_only,1,0.4825
gaze_only,0,0.0
gaze_only,1,0.0767
gaze_only,1,1.0
gaze_only,0,0.5633
gaze_only,0,0.0
gaze_only,1,0.0741
gaze_only,0,0.0
gaze_only,0,0.0598
gaze_only,1,1.0
gaze_only,1,0.7522
gaze_only,0,0.0541
gaze_only,0,0.4128
gaze_only,0,0.0
gaze_only,1,0.4959
gaze_only,1,0.6348
gaze_only,1,0.5699
gaze_only,1,0.8768
gaze_only,1,0.7206
gaze_only,0,0.4839
gaze_only,0,0.0091
gaze_only,1,0.9142
gaze_only,1,1.0
gaze_only,1,0.2604
gaze_only,0,0.0
gaze_only,0,0.7175
gaze_only,0,0.183
gaze_only,0,0.7413
gaze_only,1,0.4451
gaze_only,1,1.0
gaze_only,0,0.296
gaze_only,0,0.3404
gaze_only,1,1.0
gaze_only,0,0.1234
gaze_only,1,0.2706
gaze_only,1,0.443
gaze_only,0,0.4083
gaze_only,0,0.0
gaze_only,1,0.8231
gaze_only,1,0.4114
gaze_only,0,0.6517
gaze_only,1,0.0
gaze_only,1,0.3247
gaze_only,1,0.0097
gaze_only,0,0.0
gaze_only,1,0.6867
gaze_only,1,0.5373
gaze_only,0,0.1613
gaze_only,0,0.1943
gaze_only,1,0.6712
gaze_only,0,0.0
gaze_only,0,0.4974
gaze_only,0,0.4819
gaze_only,1,0.7348
gaze_only,1,0.7948
gaze_only,0,0.3537
gaze_only,1,1.0
gaze_only,0,0.2195
gaze_only,1,0.4925
gaze_only,1,0.3363
gaze_only,1,0.2387
gaze_only,0,0.0
gaze_only,1,0.2889
gaze_only,0,0.2253
gaze_only,1,0.717
gaze_only,0,0.2679
gaze_only,0,0.0
gaze_only,0,0.5651
gaze_only,1,0.8588
gaze_only,0,0.1941
gaze_only,1,0.3715
gaze_only,0,0.4419
gaze_only,0,0.3158
gaze_only,1,0.0932
gaze_only,0,0.2262
gaze_only,1,0.6917
gaze_only,1,0.2851
gaze_only,0,0.3164
gaze_only,0,0.0
gaze_only,0,0.7177
gaze_only,1,1.0
gaze_only,1,0.5116
gaze_only,0,0.3772
gaze_only,0,0.0
gaze_only,0,0.0
gaze_only,0,0.1472
gaze_only,1,0.2248
gaze_only,1,0.85
gaze_only,0,0.9491
gaze_only,1,0.1882
gaze_only,0,0.0
gaze_only,0,0.3324
gaze_only,1,1.0
gaze_only,1,0.1722
gaze_only,1,0.6872
gaze_only,0,0.8875
gaze_only,0,0.0
gaze_only,0,0.0
gaze_only,0,0.1017
mouse_only,0,0.0678
mouse_only,1,0.9344
mouse_only,1,0.7346
mouse_only,0,0.0
mouse_only,0,0.4304
mouse_only,1,0.4479
mouse_only,0,0.6961
mouse_only,1,0.4303
mouse_only,0,0.0272
mouse_only,0,0.4394
mouse_only,1,0.917
mouse_only,1,0.8068
mouse_only,1,0.06
mouse_only,1,0.8383
mouse_only,1,0.288
mouse_only,1,0.7323
mouse_only,1,0.1517
mouse_only,0,0.4062
mouse_only,1,0.3677
mouse_only,0,0.0
mouse_only,1,0.8998
mouse_only,0,0.3346
mouse_only,0,0.0351
mouse_only,1,1.0
mouse_only,1,0.4958
mouse_only,1,0.6612
mouse_only,0,0.3441
mouse_only,1,0.4331
mouse_only,1,0.8149
mouse_only,0,0.0633
mouse_only,0,0.1059
mouse_only,0,0.7269
mouse_only,0,0.0
mouse_only,1,0.0
mouse_only,1,1.0
mouse_only,0,1.0
mouse_only,1,0.5082
mouse_only,1,0.0
mouse_only,0,0.1413
mouse_only,1,0.5498
mouse_only,0,0.1835
mouse_only,1,0.2603
mouse_only,1,0.8528
mouse_only,0,0.4336
mouse_only,0,0.0
mouse_only,1,0.8947
mouse_only,0,0.9684
mouse_only,1,0.7102
mouse_only,1,0.5319
mouse_only,1,0.6003
mouse_only,1,0.8653
mouse_only,0,0.0
mouse_only,0,0.3075
mouse_only,0,0.1133
mouse_only,0,0.8967
mouse_only,0,0.189
mouse_only,1,1.0
mouse_only,0,0.0
mouse_only,1,0.8555
mouse_only,1,0.7618
mouse_only,1,0.3458
mouse_only,1,0.7121
mouse_only,0,0.6744
mouse_only,1,0.5367
mouse_only,0,0.0
mouse_only,0,0.2439
mouse_only,1,0.3342
mouse_only,0,0.1302
mouse_only,0,0.2214
mouse_only,0,0.0
mouse_only,1,0.0845
mouse_only,0,0.4187
mouse_only,0,0.067
mouse_only,0,0.0
mouse_only,1,0.9247
mouse_only,0,0.3453
mouse_only,0,0.0001
mouse_only,0,0.0
mouse_only,1,0.9425
mouse_only,1,0.7723
mouse_only,1,1.0
mouse_only,0,0.3971
mouse_only,0,0.3857
mouse_only,1,0.5916
mouse_only,1,0.9359
mouse_only,1,0.8688
mouse_only,0,0.6881
mouse_only,0,0.0675
mouse_only,1,0.4976
mouse_only,1,0.4823
mouse_only,0,0.5268
mouse_only,1,1.0
mouse_only,1,0.4894
mouse_only,0,0.1013
mouse_only,1,0.7599
mouse_only,0,0.164
mouse_only,0,0.5832
mouse_only,1,0.0
mouse_only,1,0.3607
mouse_only,0,0.0
mouse_only,1,0.0
mouse_only,0,0.0
mouse_only,1,0.3297
mouse_only,0,0.1796
mouse_only,1,1.0
mouse_only,1,0.5642
mouse_only,1,0.2892
mouse_only,1,0.6301
mouse_only,0,0.6172
mouse_only,1,0.3084
mouse_only,0,0.0
mouse_only,1,0.8455
mouse_only,1,0.5725
mouse_only,0,0.4766
mouse_only,1,0.6452
mouse_only,1,0.8956
mouse_only,0,0.0
mouse_only,0,0.2458
mouse_only,0,0.1763
mouse_only,0,0.0
mouse_only,0,0.0
mouse_only,1,0.89
mouse_only,1,0.5272
mouse_only,0,0.0
mouse_only,1,0.6163
mouse_only,1,1.0
mouse_only,0,0.0
mouse_only,1,0.1262
mouse_only,1,0.327
mouse_only,1,1.0
mouse_only,1,0.7489
mouse_only,1,0.9186
mouse_only,0,0.0
mouse_only,1,0.2582
mouse_only,1,0.8067
mouse_only,0,0.2704
mouse_only,1,0.8421
mouse_only,0,0.1843
mouse_only,0,0.3474
mouse_only,0,0.3053
mouse_only,1,0.9222
mouse_only,0,0.5325
mouse_only,0,0.0
mouse_only,0,0.0
mouse_only,1,1.0
mouse_only,1,1.0
mouse_only,0,0.0
mouse_only,0,0.0
mouse_only,1,0.6847
mouse_only,0,0.5758
mouse_only,1,1.0
mouse_only,0,0.4307
mouse_only,1,0.5199
mouse_only,0,0.0
mouse_only,0,0.254
mouse_only,1,0.5453
mouse_only,0,0.0
mouse_only,1,1.0
mouse_only,1,1.0
mouse_only,1,1.0
mouse_only,1,0.3277
mouse_only,1,0.9493
mouse_only,0,0.4739
mouse_only,0,0.4049
mouse_only,0,0.6874
mouse_only,1,0.8724
mouse_only,0,0.509
mouse_only,0,0.4729
mouse_only,0,0.3693
mouse_only,0,0.0
mouse_only,0,0.2793
mouse_only,0,0.0553
mouse_only,1,0.2021
mouse_only,1,1.0
mouse_only,1,1.0
mouse_only,0,0.7257
mouse_only,1,0.7393
mouse_only,0,0.7227
mouse_only,1,0.6542
mouse_only,1,0.721
mouse_only,1,0.2673
mouse_only,0,0.3889
mouse_only,0,0.2711
mouse_only,1,0.1941
mouse_only,0,0.2321
mouse_only,0,0.2221
mouse_only,0,0.8791
mouse_only,0,0.563
mouse_only,0,0.254
mouse_only,0,0.3371
mouse_only,1,0.6655
mouse_only,1,0.579
mouse_only,1,0.2712
mouse_only,0,0.1971
mouse_only,1,0.3889
mouse_only,0,0.0
mouse_only,0,0.4289
mouse_only,0,0.3869
mouse_only,0,0.0
mouse_only,1,0.6071
mouse_only,0,0.5985
mouse_only,1,1.0
mouse_only,0,0.609
mouse_only,1,0.6636
mouse_only,0,0.0
mouse_only,0,0.0
mouse_only,1,0.7706
mouse_only,1,0.7827
mouse_only,0,0.7006
mouse_only,1,1.0
mouse_only,0,0.2037
mouse_only,1,0.2145
mouse_only,1,0.5383
mouse_only,0,0.326
mouse_only,1,0.5793
mouse_only,0,0.0477
mouse_only,0,0.3385
mouse_only,0,0.0736
mouse_only,0,0.0302
mouse_only,1,0.759
mouse_only,0,0.1093
mouse_only,0,0.3354
mouse_only,1,0.7456
mouse_only,0,0.0
mouse_only,1,0.4816
mouse_only,0,0.7532
mouse_only,1,0.2433
mouse_only,1,0.0
mouse_only,1,0.0
mouse_only,0,0.2602
mouse_only,0,0.2608
mouse_only,1,0.6088
mouse_only,0,0.675
mouse_only,1,0.0
mouse_only,0,0.3886
mouse_only,1,1.0
mouse_only,1,0.2553
mouse_only,0,0.1171
mouse_only,0,0.0
mouse_only,1,0.337
mouse_only,0,0.1358
mouse_only,1,1.0
mouse_only,0,0.8931
mouse_only,1,0.5324
mouse_only,1,1.0
mouse_only,0,0.2625
mouse_only,1,1.0
mouse_only,0,0.2173
mouse_only,1,0.6959
mouse_only,0,0.3779
mouse_only,0,1.0
mouse_only,0,0.5479
mouse_only,0,0.0025
mouse_only,0,0.5891
mouse_only,1,0.5234
mouse_only,0,0.0786
mouse_only,1,0.968
mouse_only,0,0.2609
mouse_only,0,0.3475
mouse_only,1,0.6549
mouse_only,1,0.7678
mouse_only,0,0.3987
mouse_only,0,0.0
mouse_only,1,0.8833
mouse_only,1,0.3063
mouse_only,1,0.1452
mouse_only,0,0.2296
mouse_only,0,0.2794
mouse_only,1,0.4073
mouse_only,1,0.9409
mouse_only,0,0.0
mouse_only,0,0.1076
mouse_only,0,0.0453
mouse_only,1,0.6337
mouse_only,0,0.3476
mouse_only,0,0.0
mouse_only,0,0.5035
mouse_only,1,0.6721
mouse_only,0,0.0
mouse_only,0,0.0
mouse_only,0,0.2457
mouse_only,0,0.1727
mouse_only,1,0.6138
mouse_only,0,0.2402
mouse_only,0,0.3289
mouse_only,1,0.9817
mouse_only,0,0.0
mouse_only,1,0.2398
mouse_only,1,0.2673
mouse_only,0,0.3511
mouse_only,1,1.0
mouse_only,0,0.099
mouse_only,1,0.0
mouse_only,0,0.0
mouse_only,1,0.3584
mouse_only,1,0.4548
mouse_only,1,0.5071
mouse_only,0,0.2635
mouse_only,0,0.1409
mouse_only,0,0.6173
mouse_only,0,0.0134
mouse_only,1,0.3482
mouse_only,0,0.4176
mouse_only,1,0.1125
mouse_only,1,0.7864
mouse_only,0,0.2859
mouse_only,0,0.1984
mouse_only,1,1.0
mouse_only,0,0.0322
mouse_only,0,0.9711
mouse_only,1,0.5711
mouse_only,1,0.203
mouse_only,0,0.2745
mouse_only,0,0.0
mouse_only,0,0.0
mouse_only,1,0.789
mouse_only,1,0.8445
mouse_only,1,0.4322
mouse_only,1,0.9956
mouse_only,1,1.0
mouse_only,0,0.7527
mouse_only,0,0.4353
mouse_only,1,1.0
mouse_only,1,0.0
mouse_only,1,0.5387
mouse_only,0,0.0
mouse_only,0,0.2917
mouse_only,0,0.05
mouse_only,0,0.1918
mouse_only,1,1.0
mouse_only,1,0.5906
mouse_only,0,0.3948
mouse_only,0,0.1687
mouse_only,1,0.6765
mouse_only,0,0.2521
mouse_only,1,0.8069
mouse_only,1,1.0
mouse_only,0,0.8266
mouse_only,0,0.3584
mouse_only,1,0.8563
mouse_only,1,0.2472
mouse_only,0,0.2192
mouse_only,1,0.9791
mouse_only,1,0.9531
mouse_only,1,0.7241
mouse_only,0,0.5602
mouse_only,1,0.8218
mouse_only,1,1.0
mouse_only,0,0.3513
mouse_only,0,0.1255
mouse_only,1,0.7675
mouse_only,0,0.0
mouse_only,0,0.384
mouse_only,0,0.0
mouse_only,1,0.0468
mouse_only,1,0.8081
mouse_only,0,0.4171
mouse_only,1,0.2431
mouse_only,0,0.0008
mouse_only,1,1.0
mouse_only,1,0.4806
mouse_only,1,1.0
mouse_only,0,0.2493
mouse_only,1,0.7928
mouse_only,0,0.8159
mouse_only,1,0.6959
mouse_only,0,0.0
mouse_only,0,0.2116
mouse_only,0,0.2375
mouse_only,1,0.1723
mouse_only,0,0.1605
mouse_only,1,0.3902
mouse_only,0,0.5735
mouse_only,0,0.2621
mouse_only,1,0.551
mouse_only,0,0.2128
mouse_only,1,0.7281
mouse_only,1,0.8659
mouse_only,0,0.0
mouse_only,0,0.0
mouse_only,0,0.6366
mouse_only,1,0.5057
mouse_only,1,0.1541
mouse_only,0,0.4053
mouse_only,0,0.4122
mouse_only,0,0.0
mouse_only,0,0.3303
mouse_only,1,0.9075
mouse_only,1,0.781
mouse_only,0,0.4712
mouse_only,1,0.1585
mouse_only,0,0.3659
mouse_only,0,0.1441
mouse_only,1,0.481
mouse_only,1,0.9547
mouse_only,1,1.0
mouse_only,0,0.878
mouse_only,0,0.7102
mouse_only,0,0.2116
mouse_only,0,0.3735
environment_only,0,0.5567
environment_only,1,0.5985
environment_only,1,0.6023
environment_only,0,0.5795
environment_only,0,0.2263
environment_only,1,0.2583
environment_only,0,0.0842
environment_only,1,0.8036
environment_only,0,0.2512
environment_only,0,0.3861
environment_only,1,0.818
environment_only,1,0.4001
environment_only,1,0.8525
environment_only,1,0.7015
environment_only,1,0.0561
environment_only,1,1.0
environment_only,1,0.3497
environment_only,0,0.0
environment_only,1,0.132
environment_only,0,0.0
environment_only,1,0.5709
environment_only,0,0.1405
environment_only,0,0.1153
environment_only,1,0.7979
environment_only,1,0.686
environment_only,1,0.6764
environment_only,0,0.4139
environment_only,1,0.7965
environment_only,1,0.0
environment_only,0,0.1042
environment_only,0,0.0
environment_only,0,0.2644
environment_only,0,0.2481
environment_only,1,0.9682
environment_only,1,1.0
environment_only,0,0.3311
environment_only,1,0.3499
environment_only,1,0.7441
environment_only,0,0.0388
environment_only,1,0.5494
environment_only,0,0.6445
environment_only,1,0.3269
environment_only,1,0.8723
environment_only,0,0.521
environment_only,0,0.0
environment_only,1,0.9396
environment_only,0,0.5294
environment_only,1,0.5908
environment_only,1,0.2451
environment_only,1,0.2063
environment_only,1,0.3349
environment_only,0,0.467
environment_only,0,0.0
environment_only,0,0.425
environment_only,0,0.0
environment_only,0,0.1684
environment_only,1,0.5939
environment_only,0,1.0
environment_only,1,0.0
environment_only,1,1.0
environment_only,1,0.6099
environment_only,1,0.7145
environment_only,0,0.2973
environment_only,1,0.7279
environment_only,0,0.1885
environment_only,0,0.8316
environment_only,1,0.3674
environment_only,0,0.7029
environment_only,0,0.0
environment_only,0,0.2259
environment_only,1,0.1212
environment_only,0,0.432
environment_only,0,0.8281
environment_only,0,0.2191
environment_only,1,0.4712
environment_only,0,0.0
environment_only,0,0.1583
environment_only,0,0.0
environment_only,1,0.1848
environment_only,1,0.6407
environment_only,1,1.0
environment_only,0,1.0
environment_only,0,0.0154
environment_only,1,1.0
environment_only,1,0.6475
environment_only,1,0.4895
environment_only,0,0.423
environment_only,0,0.2748
environment_only,1,0.5942
environment_only,1,0.3867
environment_only,0,0.0
environment_only,1,0.0
environment_only,1,0.8113
environment_only,0,0.1393
environment_only,1,0.3116
environment_only,0,0.2534
environment_only,0,0.568
environment_only,1,0.6221
environment_only,1,0.2876
environment_only,0,0.7405
environment_only,1,1.0
environment_only,0,0.4478
environment_only,1,0.9395
environment_only,0,0.7468
environment_only,1,1.0
environment_only,1,0.7956
environment_only,1,0.7893
environment_only,1,0.7579
environment_only,0,0.0
environment_only,1,0.8303
environment_only,0,0.0
environment_only,1,0.2322
environment_only,1,1.0
environment_only,0,0.5861
environment_only,1,1.0
environment_only,1,0.4413
environment_only,0,0.0
environment_only,0,0.1538
environment_only,0,0.2908
environment_only,0,0.2816
environment_only,0,0.7035
environment_only,1,0.4055
environment_only,1,0.6908
environment_only,0,0.0
environment_only,1,0.7301
environment_only,1,0.5512
environment_only,0,0.0
environment_only,1,0.4557
environment_only,1,0.4763
environment_only,1,0.4419
environment_only,1,1.0
environment_only,1,0.5106
environment_only,0,0.1524
environment_only,1,0.0
environment_only,1,0.1923
environment_only,0,0.1448
environment_only,1,0.2757
environment_only,0,0.8027
environment_only,0,0.184
environment_only,0,0.7654
environment_only,1,0.5747
environment_only,0,0.2649
environment_only,0,0.2145
environment_only,0,0.2515
environment_only,1,1.0
environment_only,1,0.0
environment_only,0,0.0
environment_only,0,0.0327
environment_only,1,0.5558
environment_only,0,0.526
environment_only,1,0.7392
environment_only,0,0.0963
environment_only,1,0.9576
environment_only,0,0.6621
environment_only,0,0.3236
environment_only,1,0.9351
environment_only,0,0.3591
environment_only,1,0.3254
environment_only,1,0.8291
environment_only,1,0.5942
environment_only,1,0.5505
environment_only,1,1.0
environment_only,0,0.0
environment_only,0,0.0
environment_only,0,0.0
environment_only,1,0.4047
environment_only,0,0.1482
environment_only,0,0.0
environment_only,0,0.0
environment_only,0,0.0
environment_only,0,1.0
environment_only,0,0.9707
environment_only,1,0.3853
environment_only,1,0.4046
environment_only,1,0.0903
environment_only,0,0.0
environment_only,1,0.5032
environment_only,0,0.0
environment_only,1,0.5161
environment_only,1,0.0
environment_only,1,0.2452
environment_only,0,0.3095
environment_only,0,0.3965
environment_only,1,0.717
environment_only,0,0.0
environment_only,0,0.5919
environment_only,0,0.0
environment_only,0,0.5031
environment_only,0,0.2457
environment_only,0,0.0
environment_only,1,0.4235
environment_only,1,0.6961
environment_only,1,0.7952
environment_only,0,0.1936
environment_only,1,1.0
environment_only,0,0.653
environment_only,0,0.1473
environment_only,0,0.55
environment_only,0,1.0
environment_only,1,1.0
environment_only,0,0.0
environment_only,1,0.1794
environment_only,0,0.844
environment_only,1,0.1267
environment_only,0,0.0
environment_only,0,0.0555
environment_only,1,0.7181
environment_only,1,0.509
environment_only,0,0.0
environment_only,1,0.2803
environment_only,0,0.0
environment_only,1,0.1982
environment_only,1,1.0
environment_only,0,0.369
environment_only,1,0.9047
environment_only,0,0.0544
environment_only,0,0.1756
environment_only,0,0.0
environment_only,0,0.0
environment_only,1,0.0
environment_only,0,0.0
environment_only,0,0.0
environment_only,1,0.0719
environment_only,0,0.78
environment_only,1,0.5322
environment_only,0,0.7662
environment_only,1,0.7144
environment_only,1,0.863
environment_only,1,0.1896
environment_only,0,0.4596
environment_only,0,0.5415
environment_only,1,0.3193
environment_only,0,0.4738
environment_only,1,0.7765
environment_only,0,0.0302
environment_only,1,0.1009
environment_only,1,0.0763
environment_only,0,0.2846
environment_only,0,0.3808
environment_only,1,0.233
environment_only,0,0.2606
environment_only,1,0.7782
environment_only,0,0.4973
environment_only,1,1.0
environment_only,1,1.0
environment_only,0,0.0
environment_only,1,1.0
environment_only,0,0.0376
environment_only,1,0.9679
environment_only,0,0.2772
environment_only,0,0.0851
environment_only,0,0.0
environment_only,0,0.1814
environment_only,0,0.0
environment_only,1,0.9369
environment_only,0,0.8567
environment_only,1,0.2312
environment_only,0,0.3708
environment_only,0,0.0
environment_only,1,0.2986
environment_only,1,0.8598
environment_only,0,0.2346
environment_only,0,0.9459
environment_only,1,0.3571
environment_only,1,0.9497
environment_only,1,0.589
environment_only,0,0.5683
environment_only,0,0.0711
environment_only,1,0.5302
environment_only,1,0.5038
environment_only,0,0.0
environment_only,0,0.5148
environment_only,0,0.5101
environment_only,1,0.7874
environment_only,0,0.8648
environment_only,0,0.8297
environment_only,0,0.1
environment_only,1,0.6992
environment_only,0,0.0006
environment_only,0,0.2593
environment_only,0,0.0101
environment_only,0,0.898
environment_only,1,0.6955
environment_only,0,0.1628
environment_only,0,0.7274
environment_only,1,0.0
environment_only,0,0.0
environment_only,1,0.8683
environment_only,1,0.5742
environment_only,0,0.3502
environment_only,1,0.0194
environment_only,0,0.2407
environment_only,1,1.0
environment_only,0,0.5797
environment_only,1,0.6179
environment_only,1,0.3744
environment_only,1,0.3922
environment_only,0,0.0
environment_only,0,0.3531
environment_only,0,0.5882
environment_only,0,0.0
environment_only,1,0.2854
environment_only,0,0.0
environment_only,1,0.1639
environment_only,1,0.5714
environment_only,0,0.0
environment_only,0,0.4957
environment_only,1,0.8515
environment_only,0,0.1496
environment_only,0,0.0
environment_only,1,0.1514
environment_only,1,1.0
environment_only,0,0.0
environment_only,0,0.111
environment_only,0,0.0
environment_only,1,0.8718
environment_only,1,0.28
environment_only,1,0.7116
environment_only,1,0.7762
environment_only,1,1.0
environment_only,0,0.1688
environment_only,0,0.4004
environment_only,1,0.0
environment_only,1,1.0
environment_only,1,0.2458
environment_only,0,0.0257
environment_only,0,0.2411
environment_only,0,0.0
environment_only,0,0.3415
environment_only,1,0.937
environment_only,1,0.6672
environment_only,0,0.0
environment_only,0,0.2005
environment_only,1,0.8468
environment_only,0,0.0
environment_only,1,0.1201
environment_only,1,0.9006
environment_only,0,0.358
environment_only,0,0.4148
environment_only,1,1.0
environment_only,1,0.7374
environment_only,0,0.5132
environment_only,1,1.0
environment_only,1,0.4645
environment_only,1,0.2308
environment_only,0,0.4211
environment_only,1,0.7256
environment_only,1,0.3393
environment_only,0,0.0
environment_only,0,1.0
environment_only,1,0.6807
environment_only,0,0.0
environment_only,0,0.6164
environment_only,0,0.2063
environment_only,1,0.4488
environment_only,1,0.7749
environment_only,0,0.0
environment_only,1,0.6911
environment_only,0,1.0
environment_only,1,0.7365
environment_only,1,0.3995
environment_only,1,0.3472
environment_only,0,0.0859
environment_only,1,0.4484
environment_only,0,0.0989
environment_only,1,0.9165
environment_only,0,0.0
environment_only,0,0.5948
environment_only,0,0.0981
environment_only,1,0.7008
environment_only,0,0.0
environment_only,1,1.0
environment_only,0,0.7483
environment_only,0,0.6338
environment_only,1,0.0
environment_only,0,0.5816
environment_only,1,0.7119
environment_only,1,0.0
environment_only,0,0.2403
environment_only,0,0.3958
environment_only,0,0.4724
environment_only,1,0.6209
environment_only,1,0.6665
environment_only,0,0.8394
environment_only,0,0.7404
environment_only,0,0.0
environment_only,0,0.123
environment_only,1,0.4841
environment_only,1,0.0
environment_only,0,0.2877
environment_only,1,1.0
environment_only,0,0.0
environment_only,0,0.3846
environment_only,1,0.1837
environment_only,1,0.2812
environment_only,1,1.0
environment_only,0,0.033
environment_only,0,0.4349
environment_only,0,0.0
environment_only,0,0.9949
early_fusion,0,0.4007
early_fusion,1,0.7544
early_fusion,1,0.9439
early_fusion,0,0.0
early_fusion,0,0.5456
early_fusion,1,0.719
early_fusion,0,0.199
early_fusion,1,0.6771
early_fusion,0,0.1048
early_fusion,0,0.4237
early_fusion,1,0.864
early_fusion,1,0.9629
early_fusion,1,0.7978
early_fusion,1,0.9283
early_fusion,1,0.6953
early_fusion,1,1.0
early_fusion,1,0.408
early_fusion,0,0.5652
early_fusion,1,1.0
early_fusion,0,0.037
early_fusion,1,1.0
early_fusion,0,0.4989
early_fusion,0,0.4928
early_fusion,1,0.807
early_fusion,1,0.7457
early_fusion,1,0.7476
early_fusion,0,0.3476
early_fusion,1,1.0
early_fusion,1,0.8453
early_fusion,0,0.0221
early_fusion,0,0.4561
early_fusion,0,0.4803
early_fusion,0,0.4137
early_fusion,1,0.9864
early_fusion,1,0.7323
early_fusion,0,0.0178
early_fusion,1,0.583
early_fusion,1,0.3911
early_fusion,0,0.3092
early_fusion,1,0.7791
early_fusion,0,0.14
early_fusion,1,0.0611
early_fusion,1,0.4882
early_fusion,0,0.5302
early_fusion,0,0.0838
early_fusion,1,0.8901
early_fusion,0,0.0
early_fusion,1,1.0
early_fusion,1,0.764
early_fusion,1,0.8725
early_fusion,1,1.0
early_fusion,0,0.6291
early_fusion,0,0.1734
early_fusion,0,0.1017
early_fusion,0,0.1686
early_fusion,0,0.3775
early_fusion,1,0.7737
early_fusion,0,0.1512
early_fusion,1,1.0
early_fusion,1,0.7714
early_fusion,1,1.0
early_fusion,1,0.8227
early_fusion,0,0.6963
early_fusion,1,0.8893
early_fusion,0,0.4907
early_fusion,0,0.0688
early_fusion,1,0.5866
early_fusion,0,0.3649
early_fusion,0,0.4971
early_fusion,0,0.2601
early_fusion,1,0.4784
early_fusion,0,0.0
early_fusion,0,0.0
early_fusion,0,0.0
early_fusion,1,0.8274
early_fusion,0,0.5313
early_fusion,0,0.2466
early_fusion,0,0.0
early_fusion,1,0.7523
early_fusion,1,0.7593
early_fusion,1,1.0
early_fusion,0,0.0
early_fusion,0,0.1523
early_fusion,1,1.0
early_fusion,1,0.9125
early_fusion,1,0.9408
early_fusion,0,0.2786
early_fusion,0,0.3325
early_fusion,1,0.9944
early_fusion,1,0.5976
early_fusion,0,0.4695
early_fusion,1,0.4567
early_fusion,1,0.8821
early_fusion,0,0.2947
early_fusion,1,0.6459
early_fusion,0,0.2443
early_fusion,0,0.0944
early_fusion,1,0.5321
early_fusion,1,0.7116
early_fusion,0,0.0
early_fusion,1,0.8807
early_fusion,0,0.0
early_fusion,1,0.978
early_fusion,0,0.0
early_fusion,1,0.6584
early_fusion,1,0.6438
early_fusion,1,1.0
early_fusion,1,0.8826
early_fusion,0,0.1971
early_fusion,1,0.9247
early_fusion,0,0.0
early_fusion,1,0.7892
early_fusion,1,1.0
early_fusion,0,0.2831
early_fusion,1,0.817
early_fusion,1,0.937
early_fusion,0,0.4739
early_fusion,0,0.0
early_fusion,0,0.0
early_fusion,0,0.3026
early_fusion,0,0.0713
early_fusion,1,1.0
early_fusion,1,0.7212
early_fusion,0,0.0
early_fusion,1,0.483
early_fusion,1,0.1126
early_fusion,0,0.1915
early_fusion,1,0.7529
early_fusion,1,0.6939
early_fusion,1,1.0
early_fusion,1,1.0
early_fusion,1,0.7574
early_fusion,0,0.0
early_fusion,1,0.9543
early_fusion,1,0.9388
early_fusion,0,0.3273
early_fusion,1,1.0
early_fusion,0,0.0
early_fusion,0,0.7522
early_fusion,0,0.0101
early_fusion,1,0.9873
early_fusion,0,0.0
early_fusion,0,0.0174
early_fusion,0,0.6291
early_fusion,1,0.7348
early_fusion,1,1.0
early_fusion,0,0.3092
early_fusion,0,0.2238
early_fusion,1,1.0
early_fusion,0,0.1908
early_fusion,1,0.3548
early_fusion,0,0.0492
early_fusion,1,0.9378
early_fusion,0,0.3489
early_fusion,0,0.0
early_fusion,1,0.6189
early_fusion,0,0.1046
early_fusion,1,0.7086
early_fusion,1,0.456
early_fusion,1,0.6429
early_fusion,1,0.6178
early_fusion,1,0.9929
early_fusion,0,0.4523
early_fusion,0,0.2135
early_fusion,0,0.152
early_fusion,1,0.835
early_fusion,0,0.0459
early_fusion,0,0.0
early_fusion,0,0.0149
early_fusion,0,0.0913
early_fusion,0,0.0
early_fusion,0,0.2905
early_fusion,1,0.9824
early_fusion,1,0.4032
early_fusion,1,0.8063
early_fusion,0,0.195
early_fusion,1,0.8854
early_fusion,0,0.2468
early_fusion,1,0.4366
early_fusion,1,0.4844
early_fusion,1,0.8074
early_fusion,0,0.5072
early_fusion,0,0.0
early_fusion,1,0.8864
early_fusion,0,0.5474
early_fusion,0,0.2117
early_fusion,0,0.3876
early_fusion,0,0.0742
early_fusion,0,0.2202
early_fusion,0,0.0
early_fusion,1,0.2139
early_fusion,1,1.0
early_fusion,1,0.5538
early_fusion,0,0.1361
early_fusion,1,0.4534
early_fusion,0,0.0
early_fusion,0,0.2065
early_fusion,0,0.0676
early_fusion,0,0.3445
early_fusion,1,0.9131
early_fusion,0,0.3302
early_fusion,1,0.8597
early_fusion,0,0.6444
early_fusion,1,0.5331
early_fusion,0,0.2363
early_fusion,0,0.5332
early_fusion,1,1.0
early_fusion,1,0.4446
early_fusion,0,0.1719
early_fusion,1,1.0
early_fusion,0,0.377
early_fusion,1,0.8488
early_fusion,1,0.7456
early_fusion,0,0.154
early_fusion,1,0.8721
early_fusion,0,0.1869
early_fusion,0,0.2394
early_fusion,0,0.2696
early_fusion,0,0.0805
early_fusion,1,0.933
early_fusion,0,0.9786
early_fusion,0,0.0
early_fusion,1,0.881
early_fusion,0,0.06
early_fusion,1,0.9444
early_fusion,0,0.2616
early_fusion,1,0.9905
early_fusion,1,1.0
early_fusion,1,0.8481
early_fusion,0,0.533
early_fusion,0,0.0
early_fusion,1,1.0
early_fusion,0,0.3438
early_fusion,1,1.0
early_fusion,0,0.0
early_fusion,1,0.5923
early_fusion,1,0.8365
early_fusion,0,0.2457
early_fusion,0,0.3208
early_fusion,1,1.0
early_fusion,0,0.0
early_fusion,1,1.0
early_fusion,0,0.2521
early_fusion,1,0.7491
early_fusion,1,0.4322
early_fusion,0,0.3758
early_fusion,1,0.1965
early_fusion,0,0.4121
early_fusion,1,0.427
early_fusion,0,0.2634
early_fusion,0,0.2202
early_fusion,0,0.5424
early_fusion,0,0.2053
early_fusion,0,0.0765
early_fusion,1,0.6733
early_fusion,0,0.5682
early_fusion,1,0.9341
early_fusion,0,0.1536
early_fusion,0,0.1909
early_fusion,1,0.4082
early_fusion,1,0.8971
early_fusion,0,0.0
early_fusion,0,0.4379
early_fusion,1,0.8322
early_fusion,1,1.0
early_fusion,1,0.525
early_fusion,0,0.2243
early_fusion,0,0.6996
early_fusion,1,1.0
early_fusion,1,0.6259
early_fusion,0,0.306
early_fusion,0,0.2505
early_fusion,0,0.3205
early_fusion,1,0.6253
early_fusion,0,0.2277
early_fusion,0,0.0
early_fusion,0,0.2838
early_fusion,1,0.9125
early_fusion,0,0.1931
early_fusion,0,0.0
early_fusion,0,0.4971
early_fusion,0,0.3411
early_fusion,1,0.6185
early_fusion,0,0.1798
early_fusion,0,0.0
early_fusion,1,0.5436
early_fusion,0,0.1155
early_fusion,1,1.0
early_fusion,1,0.6401
early_fusion,0,0.4101
early_fusion,1,0.6654
early_fusion,0,0.312
early_fusion,1,0.7647
early_fusion,0,0.4683
early_fusion,1,0.6663
early_fusion,1,0.4069
early_fusion,1,0.4545
early_fusion,0,0.117
early_fusion,0,0.0
early_fusion,0,0.3526
early_fusion,0,0.1336
early_fusion,1,1.0
early_fusion,0,0.0
early_fusion,1,0.8509
early_fusion,1,0.518
early_fusion,0,0.1266
early_fusion,0,0.2854
early_fusion,1,0.2187
early_fusion,0,0.3092
early_fusion,0,0.7257
early_fusion,1,0.6866
early_fusion,1,0.865
early_fusion,0,0.5062
early_fusion,0,0.209
early_fusion,0,0.1048
early_fusion,1,0.2311
early_fusion,1,0.9602
early_fusion,1,0.7717
early_fusion,1,0.5468
early_fusion,1,0.8316
early_fusion,0,0.1041
early_fusion,0,0.1179
early_fusion,1,0.9516
early_fusion,1,0.4654
early_fusion,1,1.0
early_fusion,0,0.0
early_fusion,0,0.0843
early_fusion,0,0.7307
early_fusion,0,0.5318
early_fusion,1,0.8244
early_fusion,1,0.5649
early_fusion,0,0.1177
early_fusion,0,0.2683
early_fusion,1,0.8094
early_fusion,0,0.2273
early_fusion,1,0.7923
early_fusion,1,0.7464
early_fusion,0,0.0
early_fusion,0,0.1209
early_fusion,1,1.0
early_fusion,1,0.4579
early_fusion,0,0.2026
early_fusion,1,0.5951
early_fusion,1,0.8278
early_fusion,1,0.7028
early_fusion,0,0.6193
early_fusion,1,0.9266
early_fusion,1,0.472
early_fusion,0,0.4178
early_fusion,0,0.0563
early_fusion,1,0.6558
early_fusion,0,0.3285
early_fusion,0,0.1271
early_fusion,0,0.4732
early_fusion,1,0.6064
early_fusion,1,0.6453
early_fusion,0,0.0859
early_fusion,1,0.6586
early_fusion,0,0.5248
early_fusion,1,0.9572
early_fusion,1,1.0
early_fusion,1,1.0
early_fusion,0,0.0
early_fusion,1,0.8176
early_fusion,0,0.0
early_fusion,1,0.6056
early_fusion,0,0.0925
early_fusion,0,0.0
early_fusion,0,0.0
early_fusion,1,0.7639
early_fusion,0,0.0
early_fusion,1,1.0
early_fusion,0,0.0206
early_fusion,0,0.9524
early_fusion,1,0.6872
early_fusion,0,0.268
early_fusion,1,0.4762
early_fusion,1,1.0
early_fusion,0,0.5299
early_fusion,0,0.3242
early_fusion,0,0.0
early_fusion,1,0.8527
early_fusion,1,0.5196
early_fusion,0,0.6156
early_fusion,0,0.4523
early_fusion,0,0.2739
early_fusion,0,0.0
early_fusion,1,0.5541
early_fusion,1,0.9719
early_fusion,0,0.5532
early_fusion,1,1.0
early_fusion,0,0.0
early_fusion,0,0.3254
early_fusion,1,1.0
early_fusion,1,0.3854
early_fusion,1,0.798
early_fusion,0,0.3185
early_fusion,0,0.1748
early_fusion,0,0.0
early_fusion,0,0.1686
late_fusion,0,0.1714
late_fusion,1,0.7845
late_fusion,1,0.6848
late_fusion,0,0.1437
late_fusion,0,0.2405
late_fusion,1,0.9262
late_fusion,0,0.1769
late_fusion,1,0.7217
late_fusion,0,0.2722
late_fusion,0,0.0
late_fusion,1,0.9345
late_fusion,1,0.8199
late_fusion,1,0.8295
late_fusion,1,1.0
late_fusion,1,0.3513
late_fusion,1,0.3463
late_fusion,1,0.8857
late_fusion,0,0.2483
late_fusion,1,0.8608
late_fusion,0,0.1391
late_fusion,1,0.9794
late_fusion,0,0.4738
late_fusion,0,0.3662
late_fusion,1,0.7574
late_fusion,1,0.3142
late_fusion,1,1.0
late_fusion,0,0.5432
late_fusion,1,0.9747
late_fusion,1,0.6089
late_fusion,0,0.4117
late_fusion,0,0.4565
late_fusion,0,0.6241
late_fusion,0,0.0397
late_fusion,1,0.7657
late_fusion,1,0.9993
late_fusion,0,0.2638
late_fusion,1,0.5518
late_fusion,1,0.9195
late_fusion,0,0.3889
late_fusion,1,0.8411
late_fusion,0,0.3027
late_fusion,1,0.7579
late_fusion,1,1.0
late_fusion,0,0.0338
late_fusion,0,0.109
late_fusion,1,0.8226
late_fusion,0,0.4609
late_fusion,1,0.4606
late_fusion,1,0.5055
late_fusion,1,0.3309
late_fusion,1,0.8278
late_fusion,0,0.0
late_fusion,0,0.1577
late_fusion,0,0.4087
late_fusion,0,0.096
late_fusion,0,0.3055
late_fusion,1,0.7482
late_fusion,0,0.4113
late_fusion,1,0.934
late_fusion,1,0.6539
late_fusion,1,0.7795
late_fusion,1,1.0
late_fusion,0,0.3444
late_fusion,1,0.4847
late_fusion,0,0.4073
late_fusion,0,0.0
late_fusion,1,1.0
late_fusion,0,0.4958
late_fusion,0,0.3196
late_fusion,0,0.2877
late_fusion,1,0.7698
late_fusion,0,0.4128
late_fusion,0,0.161
late_fusion,0,0.3065
late_fusion,1,1.0
late_fusion,0,0.1152
late_fusion,0,0.1021
late_fusion,0,0.0
late_fusion,1,0.5645
late_fusion,1,0.3812
late_fusion,1,0.9952
late_fusion,0,0.6841
late_fusion,0,0.5921
late_fusion,1,0.4297
late_fusion,1,0.994
late_fusion,1,1.0
late_fusion,0,0.1404
late_fusion,0,0.2743
late_fusion,1,0.3381
late_fusion,1,0.884
late_fusion,0,0.0
late_fusion,1,0.8679
late_fusion,1,0.4453
late_fusion,0,0.3803
late_fusion,1,1.0
late_fusion,0,0.062
late_fusion,0,0.0
late_fusion,1,0.3026
late_fusion,1,0.7561
late_fusion,0,0.1104
late_fusion,1,0.4478
late_fusion,0,0.3587
late_fusion,1,0.712
late_fusion,0,0.0
late_fusion,1,0.6869
late_fusion,1,1.0
late_fusion,1,0.9647
late_fusion,1,0.7888
late_fusion,0,0.3986
late_fusion,1,0.5414
late_fusion,0,0.2578
late_fusion,1,0.8554
late_fusion,1,0.7072
late_fusion,0,0.3545
late_fusion,1,0.6327
late_fusion,1,0.9424
late_fusion,0,0.3824
late_fusion,0,0.0
late_fusion,0,0.5357
late_fusion,0,0.0
late_fusion,0,0.1021
late_fusion,1,1.0
late_fusion,1,0.7439
late_fusion,0,0.0
late_fusion,1,0.5575
late_fusion,1,1.0
late_fusion,0,0.0
late_fusion,1,1.0
late_fusion,1,0.8068
late_fusion,1,0.5338
late_fusion,1,0.6801
late_fusion,1,0.5759
late_fusion,0,0.4579
late_fusion,1,0.9958
late_fusion,1,0.4074
late_fusion,0,0.1531
late_fusion,1,0.6128
late_fusion,0,0.5604
late_fusion,0,0.0
late_fusion,0,0.635
late_fusion,1,0.812
late_fusion,0,0.0
late_fusion,0,0.0875
late_fusion,0,0.0576
late_fusion,1,0.5141
late_fusion,1,0.8428
late_fusion,0,0.0
late_fusion,0,0.0
late_fusion,1,0.7289
late_fusion,0,0.0
late_fusion,1,0.6395
late_fusion,0,0.0318
late_fusion,1,0.6109
late_fusion,0,0.7302
late_fusion,0,0.2635
late_fusion,1,0.8789
late_fusion,0,0.0
late_fusion,1,0.663
late_fusion,1,0.8717
late_fusion,1,0.5741
late_fusion,1,1.0
late_fusion,1,0.5314
late_fusion,0,0.1813
late_fusion,0,0.1093
late_fusion,0,0.2894
late_fusion,1,0.6663
late_fusion,0,0.185
late_fusion,0,0.1933
late_fusion,0,0.0737
late_fusion,0,0.3664
late_fusion,0,0.3072
late_fusion,0,0.2287
late_fusion,1,0.7167
late_fusion,1,1.0
late_fusion,1,0.7634
late_fusion,0,0.1764
late_fusion,1,0.8451
late_fusion,0,0.6572
late_fusion,1,0.4983
late_fusion,1,1.0
late_fusion,1,0.3656
late_fusion,0,0.3021
late_fusion,0,0.628
late_fusion,1,0.9373
late_fusion,0,0.291
late_fusion,0,0.1155
late_fusion,0,0.2575
late_fusion,0,0.1895
late_fusion,0,0.0614
late_fusion,0,0.1804
late_fusion,1,0.8676
late_fusion,1,0.6359
late_fusion,1,0.6265
late_fusion,0,0.0
late_fusion,1,0.9138
late_fusion,0,0.3809
late_fusion,0,0.3056
late_fusion,0,0.4816
late_fusion,0,0.2711
late_fusion,1,0.9141
late_fusion,0,0.3229
late_fusion,1,0.798
late_fusion,0,0.1226
late_fusion,1,1.0
late_fusion,0,0.1415
late_fusion,0,0.0902
late_fusion,1,0.9242
late_fusion,1,0.8804
late_fusion,0,0.0
late_fusion,1,1.0
late_fusion,0,0.2274
late_fusion,1,0.5534
late_fusion,1,1.0
late_fusion,0,0.4002
late_fusion,1,0.5165
late_fusion,0,0.6765
late_fusion,0,0.4081
late_fusion,0,0.2476
late_fusion,0,0.6317
late_fusion,1,0.8582
late_fusion,0,0.2433
late_fusion,0,0.0915
late_fusion,1,0.9596
late_fusion,0,0.3644
late_fusion,1,0.8235
late_fusion,0,0.0604
late_fusion,1,0.8512
late_fusion,1,0.8032
late_fusion,1,0.5
late_fusion,0,0.0
late_fusion,0,0.3856
late_fusion,1,0.1955
late_fusion,0,0.2993
late_fusion,1,0.7053
late_fusion,0,0.564
late_fusion,1,0.7016
late_fusion,1,0.9783
late_fusion,0,0.1547
late_fusion,0,0.2773
late_fusion,1,0.9968
late_fusion,0,0.139
late_fusion,1,1.0
late_fusion,0,0.0115
late_fusion,1,0.8907
late_fusion,1,1.0
late_fusion,0,0.4084
late_fusion,1,1.0
late_fusion,0,0.0668
late_fusion,1,0.489
late_fusion,0,0.0114
late_fusion,0,0.4085
late_fusion,0,0.3695
late_fusion,0,0.2745
late_fusion,0,0.0
late_fusion,1,1.0
late_fusion,0,0.0
late_fusion,1,1.0
late_fusion,0,0.9358
late_fusion,0,0.3379
late_fusion,1,0.9599
late_fusion,1,0.7017
late_fusion,0,0.0
late_fusion,0,0.1053
late_fusion,1,0.5577
late_fusion,1,0.4727
late_fusion,1,1.0
late_fusion,0,0.3155
late_fusion,0,0.3411
late_fusion,1,0.7458
late_fusion,1,0.7785
late_fusion,0,0.4815
late_fusion,0,0.2422
late_fusion,0,0.3774
late_fusion,1,0.773
late_fusion,0,0.1679
late_fusion,0,0.0
late_fusion,0,0.0
late_fusion,1,0.7572
late_fusion,0,0.2636
late_fusion,0,0.0
late_fusion,0,0.2417
late_fusion,0,0.2629
late_fusion,1,0.3026
late_fusion,0,0.0304
late_fusion,0,0.3477
late_fusion,1,0.9129
late_fusion,0,0.0
late_fusion,1,0.858
late_fusion,1,1.0
late_fusion,0,0.4365
late_fusion,1,0.7971
late_fusion,0,0.1377
late_fusion,1,0.669
late_fusion,0,0.3623
late_fusion,1,0.8668
late_fusion,1,0.9711
late_fusion,1,0.8516
late_fusion,0,0.4465
late_fusion,0,0.2727
late_fusion,0,0.4383
late_fusion,0,0.459
late_fusion,1,0.6269
late_fusion,0,0.0
late_fusion,1,1.0
late_fusion,1,0.8816
late_fusion,0,0.0
late_fusion,0,0.0787
late_fusion,1,1.0
late_fusion,0,0.1829
late_fusion,0,0.1271
late_fusion,1,1.0
late_fusion,1,0.5687
late_fusion,0,0.0584
late_fusion,0,0.3007
late_fusion,0,0.3437
late_fusion,1,0.9391
late_fusion,1,1.0
late_fusion,1,0.8677
late_fusion,1,0.9375
late_fusion,1,0.7578
late_fusion,0,0.265
late_fusion,0,0.2758
late_fusion,1,0.8716
late_fusion,1,1.0
late_fusion,1,0.9532
late_fusion,0,0.2606
late_fusion,0,0.0558
late_fusion,0,0.2662
late_fusion,0,0.2433
late_fusion,1,0.8664
late_fusion,1,1.0
late_fusion,0,0.1243
late_fusion,0,0.3513
late_fusion,1,1.0
late_fusion,0,0.2735
late_fusion,1,1.0
late_fusion,1,0.7293
late_fusion,0,0.3278
late_fusion,0,0.0583
late_fusion,1,0.7356
late_fusion,1,0.8797
late_fusion,0,0.4531
late_fusion,1,0.8966
late_fusion,1,1.0
late_fusion,1,0.7972
late_fusion,0,0.1703
late_fusion,1,1.0
late_fusion,1,0.9146
late_fusion,0,0.0773
late_fusion,0,0.0834
late_fusion,1,0.5938
late_fusion,0,0.4748
late_fusion,0,0.1625
late_fusion,0,0.2806
late_fusion,1,0.8048
late_fusion,1,0.9956
late_fusion,0,0.0468
late_fusion,1,0.5619
late_fusion,0,0.3038
late_fusion,1,0.9642
late_fusion,1,0.8998
late_fusion,1,0.6257
late_fusion,0,0.4126
late_fusion,1,0.6415
late_fusion,0,0.1248
late_fusion,1,0.5935
late_fusion,0,0.5623
late_fusion,0,0.402
late_fusion,0,0.3952
late_fusion,1,1.0
late_fusion,0,0.925
late_fusion,1,0.4098
late_fusion,0,0.0728
late_fusion,0,0.1021
late_fusion,1,0.6158
late_fusion,0,0.0
late_fusion,1,0.7481
late_fusion,1,0.528
late_fusion,0,0.3304
late_fusion,0,0.2624
late_fusion,0,0.3654
late_fusion,1,0.9419
late_fusion,1,0.9647
late_fusion,0,0.1604
late_fusion,0,0.7591
late_fusion,0,0.3063
late_fusion,0,0.0
late_fusion,1,0.5794
late_fusion,1,0.4023
late_fusion,0,0.2542
late_fusion,1,0.7908
late_fusion,0,0.1376
late_fusion,0,0.7326
late_fusion,1,0.9518
late_fusion,1,0.9943
late_fusion,1,0.5965
late_fusion,0,0.0102
late_fusion,0,0.2588
late_fusion,0,0.2915
late_fusion,0,0.0
attention_fusion,0,0.2139
attention_fusion,1,0.9028
attention_fusion,1,0.857
attention_fusion,0,0.0873
attention_fusion,0,0.1421
attention_fusion,1,0.8646
attention_fusion,0,0.2682
attention_fusion,1,1.0
attention_fusion,0,0.4662
attention_fusion,0,0.1911
attention_fusion,1,0.8088
attention_fusion,1,0.9875
attention_fusion,1,1.0
attention_fusion,1,0.8132
attention_fusion,1,1.0
attention_fusion,1,1.0
attention_fusion,1,1.0
attention_fusion,0,0.6057
attention_fusion,1,0.7267
attention_fusion,0,0.2528
attention_fusion,1,0.9023
attention_fusion,0,0.2304
attention_fusion,0,0.1201
attention_fusion,1,0.6029
attention_fusion,1,0.9185
attention_fusion,1,0.7463
attention_fusion,0,0.2672
attention_fusion,1,0.7412
attention_fusion,1,0.6801
attention_fusion,0,0.2969
attention_fusion,0,0.2802
attention_fusion,0,0.3659
attention_fusion,0,0.6872
attention_fusion,1,0.9555
attention_fusion,1,0.997
attention_fusion,0,0.0345
attention_fusion,1,0.6426
attention_fusion,1,1.0
attention_fusion,0,0.0653
attention_fusion,1,0.6912
attention_fusion,0,0.2422
attention_fusion,1,0.882
attention_fusion,1,0.7195
attention_fusion,0,0.189
attention_fusion,0,0.4959
attention_fusion,1,0.7388
attention_fusion,0,0.0
attention_fusion,1,1.0
attention_fusion,1,0.9985
attention_fusion,1,0.7759
attention_fusion,1,0.5836
attention_fusion,0,0.1011
attention_fusion,0,0.2391
attention_fusion,0,0.4831
attention_fusion,0,0.0427
attention_fusion,0,0.2331
attention_fusion,1,1.0
attention_fusion,0,0.0
attention_fusion,1,1.0
attention_fusion,1,0.6635
attention_fusion,1,0.9664
attention_fusion,1,0.9493
attention_fusion,0,0.4669
attention_fusion,1,1.0
attention_fusion,0,0.0
attention_fusion,0,0.093
attention_fusion,1,0.9276
attention_fusion,0,0.211
attention_fusion,0,0.3455
attention_fusion,0,0.4079
attention_fusion,1,1.0
attention_fusion,0,0.2071
attention_fusion,0,0.0
attention_fusion,0,0.1589
attention_fusion,1,0.9833
attention_fusion,0,0.0319
attention_fusion,0,0.3763
attention_fusion,0,0.4317
attention_fusion,1,0.9254
attention_fusion,1,0.2872
attention_fusion,1,0.6444
attention_fusion,0,0.6272
attention_fusion,0,0.1407
attention_fusion,1,0.5032
attention_fusion,1,1.0
attention_fusion,1,0.9027
attention_fusion,0,0.471
attention_fusion,0,0.3054
attention_fusion,1,0.9917
attention_fusion,1,0.9726
attention_fusion,0,0.3895
attention_fusion,1,1.0
attention_fusion,1,1.0
attention_fusion,0,0.0
attention_fusion,1,0.9893
attention_fusion,0,0.4783
attention_fusion,0,0.4905
attention_fusion,1,0.8147
attention_fusion,1,1.0
attention_fusion,0,0.4355
attention_fusion,1,1.0
attention_fusion,0,0.1
attention_fusion,1,0.7985
attention_fusion,0,0.1888
attention_fusion,1,0.802
attention_fusion,1,0.722
attention_fusion,1,0.3475
attention_fusion,1,0.8131
attention_fusion,0,0.3239
attention_fusion,1,0.8014
attention_fusion,0,0.6371
attention_fusion,1,0.9027
attention_fusion,1,1.0
attention_fusion,0,0.3023
attention_fusion,1,1.0
attention_fusion,1,0.9558
attention_fusion,0,0.5238
attention_fusion,0,0.2612
attention_fusion,0,0.3492
attention_fusion,0,0.3233
attention_fusion,0,0.1923
attention_fusion,1,0.981
attention_fusion,1,1.0
attention_fusion,0,0.1959
attention_fusion,1,0.9839
attention_fusion,1,1.0
attention_fusion,0,0.4781
attention_fusion,1,0.9023
attention_fusion,1,0.4233
attention_fusion,1,1.0
attention_fusion,1,0.4561
attention_fusion,1,1.0
attention_fusion,0,0.2839
attention_fusion,1,1.0
attention_fusion,1,0.7196
attention_fusion,0,0.0
attention_fusion,1,0.9522
attention_fusion,0,0.2433
attention_fusion,0,0.1517
attention_fusion,0,0.2669
attention_fusion,1,1.0
attention_fusion,0,0.4169
attention_fusion,0,0.4599
attention_fusion,0,0.4188
attention_fusion,1,1.0
attention_fusion,1,0.862
attention_fusion,0,0.0
attention_fusion,0,0.2123
attention_fusion,1,1.0
attention_fusion,0,0.056
attention_fusion,1,0.8647
attention_fusion,0,0.1116
attention_fusion,1,1.0
attention_fusion,0,0.3999
attention_fusion,0,0.3803
attention_fusion,1,1.0
attention_fusion,0,0.2426
attention_fusion,1,0.9395
attention_fusion,1,0.663
attention_fusion,1,0.4627
attention_fusion,1,0.93
attention_fusion,1,0.9648
attention_fusion,0,0.4919
attention_fusion,0,0.5643
attention_fusion,0,0.564
attention_fusion,1,0.7004
attention_fusion,0,0.1795
attention_fusion,0,0.3461
attention_fusion,0,0.7564
attention_fusion,0,0.546
attention_fusion,0,0.4739
attention_fusion,0,0.1724
attention_fusion,1,0.7234
attention_fusion,1,1.0
attention_fusion,1,0.6799
attention_fusion,0,0.2023
attention_fusion,1,0.877
attention_fusion,0,0.5686
attention_fusion,1,0.8291
attention_fusion,1,0.4122
attention_fusion,1,1.0
attention_fusion,0,0.1102
attention_fusion,0,0.2585
attention_fusion,1,0.8827
attention_fusion,0,0.1953
attention_fusion,0,0.4081
attention_fusion,0,0.0
attention_fusion,0,0.1466
attention_fusion,0,0.3868
attention_fusion,0,0.1272
attention_fusion,1,0.5782
attention_fusion,1,1.0
attention_fusion,1,1.0
attention_fusion,0,0.241
attention_fusion,1,0.5078
attention_fusion,0,0.3912
attention_fusion,0,0.0
attention_fusion,0,0.3118
attention_fusion,0,0.0725
attention_fusion,1,0.668
attention_fusion,0,0.1616
attention_fusion,1,0.8633
attention_fusion,0,0.1212
attention_fusion,1,1.0
attention_fusion,0,0.1608
attention_fusion,0,0.446
attention_fusion,1,0.9562
attention_fusion,1,0.7605
attention_fusion,0,0.0768
attention_fusion,1,0.5705
attention_fusion,0,0.3081
attention_fusion,1,0.8291
attention_fusion,1,0.4256
attention_fusion,0,0.1429
attention_fusion,1,0.7198
attention_fusion,0,0.5651
attention_fusion,0,0.0
attention_fusion,0,0.0
attention_fusion,0,0.472
attention_fusion,1,1.0
attention_fusion,0,0.101
attention_fusion,0,0.1236
attention_fusion,1,1.0
attention_fusion,0,0.0
attention_fusion,1,0.5278
attention_fusion,0,0.1939
attention_fusion,1,1.0
attention_fusion,1,0.8129
attention_fusion,1,0.9202
attention_fusion,0,0.4768
attention_fusion,0,0.6714
attention_fusion,1,0.7846
attention_fusion,0,0.2466
attention_fusion,1,1.0
attention_fusion,0,0.0
attention_fusion,1,1.0
attention_fusion,1,0.6963
attention_fusion,0,0.2705
attention_fusion,0,0.2015
attention_fusion,1,0.7084
attention_fusion,0,0.0534
attention_fusion,1,0.9553
attention_fusion,0,0.4491
attention_fusion,1,0.8741
attention_fusion,1,0.914
attention_fusion,0,0.3642
attention_fusion,1,0.7057
attention_fusion,0,0.3979
attention_fusion,1,1.0
attention_fusion,0,0.7707
attention_fusion,0,0.1748
attention_fusion,0,0.1584
attention_fusion,0,0.4038
attention_fusion,0,0.4138
attention_fusion,1,0.793
attention_fusion,0,0.1694
attention_fusion,1,1.0
attention_fusion,0,0.0845
attention_fusion,0,0.1679
attention_fusion,1,0.9179
attention_fusion,1,1.0
attention_fusion,0,0.1291
attention_fusion,0,0.0
attention_fusion,1,0.5167
attention_fusion,1,0.6481
attention_fusion,1,0.6374
attention_fusion,0,0.2191
attention_fusion,0,0.0122
attention_fusion,1,0.7594
attention_fusion,1,0.7452
attention_fusion,0,0.1619
attention_fusion,0,0.5145
attention_fusion,0,0.3824
attention_fusion,1,0.9032
attention_fusion,0,0.1578
attention_fusion,0,0.1634
attention_fusion,0,0.3155
attention_fusion,1,1.0
attention_fusion,0,0.0685
attention_fusion,0,0.2573
attention_fusion,0,0.0
attention_fusion,0,0.2923
attention_fusion,1,1.0
attention_fusion,0,0.194
attention_fusion,0,0.6133
attention_fusion,1,0.7238
attention_fusion,0,0.2935
attention_fusion,1,0.8928
attention_fusion,1,0.8799
attention_fusion,0,0.2271
attention_fusion,1,0.9214
attention_fusion,0,0.4196
attention_fusion,1,1.0
attention_fusion,0,0.2495
attention_fusion,1,1.0
attention_fusion,1,0.7596
attention_fusion,1,1.0
attention_fusion,0,0.0976
attention_fusion,0,0.4681
attention_fusion,0,0.6921
attention_fusion,0,0.2256
attention_fusion,1,0.4615
attention_fusion,0,0.1404
attention_fusion,1,1.0
attention_fusion,1,1.0
attention_fusion,0,0.2998
attention_fusion,0,0.4517
attention_fusion,1,0.9969
attention_fusion,0,0.4935
attention_fusion,0,0.4339
attention_fusion,1,1.0
attention_fusion,1,0.9718
attention_fusion,0,0.4311
attention_fusion,0,0.1886
attention_fusion,0,0.1297
attention_fusion,1,1.0
attention_fusion,1,0.9432
attention_fusion,1,1.0
attention_fusion,1,0.9247
attention_fusion,1,0.7827
attention_fusion,0,0.2522
attention_fusion,0,0.5372
attention_fusion,1,1.0
attention_fusion,1,0.5577
attention_fusion,1,0.857
attention_fusion,0,0.6065
attention_fusion,0,0.2072
attention_fusion,0,0.0
attention_fusion,0,0.6286
attention_fusion,1,1.0
attention_fusion,1,0.886
attention_fusion,0,0.1757
attention_fusion,0,0.4665
attention_fusion,1,0.7916
attention_fusion,0,0.4797
attention_fusion,1,1.0
attention_fusion,1,0.9489
attention_fusion,0,0.2791
attention_fusion,0,0.215
attention_fusion,1,1.0
attention_fusion,1,0.7269
attention_fusion,0,0.0
attention_fusion,1,1.0
attention_fusion,1,1.0
attention_fusion,1,0.996
attention_fusion,0,0.3315
attention_fusion,1,0.8359
attention_fusion,1,1.0
attention_fusion,0,0.2409
attention_fusion,0,0.1526
attention_fusion,1,0.8376
attention_fusion,0,0.6541
attention_fusion,0,0.0
attention_fusion,0,0.35
attention_fusion,1,0.5642
attention_fusion,1,0.8784
attention_fusion,0,0.1633
attention_fusion,1,0.483
attention_fusion,0,0.3278
attention_fusion,1,0.824
attention_fusion,1,0.4802
attention_fusion,1,1.0
attention_fusion,0,0.537
attention_fusion,1,1.0
attention_fusion,0,0.3218
attention_fusion,1,0.9092
attention_fusion,0,0.5156
attention_fusion,0,0.5865
attention_fusion,0,0.4767
attention_fusion,1,0.7117
attention_fusion,0,0.2903
attention_fusion,1,0.9879
attention_fusion,0,0.0
attention_fusion,0,0.3439
attention_fusion,1,1.0
attention_fusion,0,0.378
attention_fusion,1,1.0
attention_fusion,1,0.9366
attention_fusion,0,0.2354
attention_fusion,0,0.3263
attention_fusion,0,0.0868
attention_fusion,1,0.7072
attention_fusion,1,1.0
attention_fusion,0,0.5245
attention_fusion,0,0.0518
attention_fusion,0,0.4436
attention_fusion,0,0.2326
attention_fusion,1,0.968
attention_fusion,1,0.992
attention_fusion,0,0.4489
attention_fusion,1,0.9165
attention_fusion,0,0.532
attention_fusion,0,0.3119
attention_fusion,1,1.0
attention_fusion,1,0.7333
attention_fusion,1,1.0
attention_fusion,0,0.344
attention_fusion,0,0.3926
attention_fusion,0,0.0
attention_fusion,0,0.0855
gaze_mouse,0,0.6214
gaze_mouse,1,0.8361
gaze_mouse,1,0.1759
gaze_mouse,0,0.5615
gaze_mouse,0,0.0869
gaze_mouse,1,1.0
gaze_mouse,0,0.2236
gaze_mouse,1,0.8114
gaze_mouse,0,0.6037
gaze_mouse,0,0.0
gaze_mouse,1,0.4521
gaze_mouse,1,0.6911
gaze_mouse,1,0.9982
gaze_mouse,1,0.3507
gaze_mouse,1,0.2496
gaze_mouse,1,0.9971
gaze_mouse,1,0.5691
gaze_mouse,0,0.1323
gaze_mouse,1,0.193
gaze_mouse,0,0.0463
gaze_mouse,1,0.7477
gaze_mouse,0,0.5291
gaze_mouse,0,0.0186
gaze_mouse,1,1.0
gaze_mouse,1,0.5446
gaze_mouse,1,0.5451
gaze_mouse,0,0.7112
gaze_mouse,1,0.8134
gaze_mouse,1,0.5844
gaze_mouse,0,0.2035
gaze_mouse,0,0.6559
gaze_mouse,0,0.6899
gaze_mouse,0,0.005
gaze_mouse,1,0.7373
gaze_mouse,1,0.777
gaze_mouse,0,0.0
gaze_mouse,1,0.7333
gaze_mouse,1,0.7516
gaze_mouse,0,0.5921
gaze_mouse,1,1.0
gaze_mouse,0,0.1512
gaze_mouse,1,0.6858
gaze_mouse,1,0.9493
gaze_mouse,0,0.0744
gaze_mouse,0,0.4266
gaze_mouse,1,0.7236
gaze_mouse,0,0.0
gaze_mouse,1,0.4629
gaze_mouse,1,1.0
gaze_mouse,1,0.7031
gaze_mouse,1,1.0
gaze_mouse,0,0.0959
gaze_mouse,0,0.3374
gaze_mouse,0,0.9678
gaze_mouse,0,0.0
gaze_mouse,0,0.0
gaze_mouse,1,1.0
gaze_mouse,0,0.002
gaze_mouse,1,0.7438
gaze_mouse,1,0.5742
gaze_mouse,1,0.8304
gaze_mouse,1,0.4648
gaze_mouse,0,0.196
gaze_mouse,1,0.8849
gaze_mouse,0,0.0
gaze_mouse,0,0.04
gaze_mouse,1,0.6458
gaze_mouse,0,0.0
gaze_mouse,0,0.1232
gaze_mouse,0,0.2856
gaze_mouse,1,0.6301
gaze_mouse,0,0.1686
gaze_mouse,0,0.244
gaze_mouse,0,0.0533
gaze_mouse,1,0.9573
gaze_mouse,0,0.6808
gaze_mouse,0,0.1107
gaze_mouse,0,0.3956
gaze_mouse,1,0.6781
gaze_mouse,1,0.8596
gaze_mouse,1,1.0
gaze_mouse,0,0.4026
gaze_mouse,0,0.0
gaze_mouse,1,0.8862
gaze_mouse,1,1.0
gaze_mouse,1,0.6835
gaze_mouse,0,0.5487
gaze_mouse,0,0.043
gaze_mouse,1,0.3043
gaze_mouse,1,0.7924
gaze_mouse,0,0.0
gaze_mouse,1,0.6781
gaze_mouse,1,1.0
gaze_mouse,0,0.0
gaze_mouse,1,0.3662
gaze_mouse,0,0.0
gaze_mouse,0,0.231
gaze_mouse,1,0.6403
gaze_mouse,1,1.0
gaze_mouse,0,0.5363
gaze_mouse,1,0.8986
gaze_mouse,0,0.2937
gaze_mouse,1,0.868
gaze_mouse,0,0.0
gaze_mouse,1,1.0
gaze_mouse,1,0.4164
gaze_mouse,1,1.0
gaze_mouse,1,1.0
gaze_mouse,0,0.3133
gaze_mouse,1,0.6971
gaze_mouse,0,0.3701
gaze_mouse,1,0.0
gaze_mouse,1,0.8407
gaze_mouse,0,0.216
gaze_mouse,1,0.7348
gaze_mouse,1,0.962
gaze_mouse,0,0.2276
gaze_mouse,0,0.0
gaze_mouse,0,0.2076
gaze_mouse,0,0.2703
gaze_mouse,0,0.2845
gaze_mouse,1,0.7986
gaze_mouse,1,1.0
gaze_mouse,0,0.0
gaze_mouse,1,0.8027
gaze_mouse,1,1.0
gaze_mouse,0,0.0
gaze_mouse,1,0.8039
gaze_mouse,1,0.5744
gaze_mouse,1,0.6388
gaze_mouse,1,0.4786
gaze_mouse,1,0.6991
gaze_mouse,0,0.8024
gaze_mouse,1,0.3707
gaze_mouse,1,0.3991
gaze_mouse,0,0.0
gaze_mouse,1,1.0
gaze_mouse,0,0.1113
gaze_mouse,0,0.2423
gaze_mouse,0,0.1292
gaze_mouse,1,0.4667
gaze_mouse,0,0.1795
gaze_mouse,0,0.9875
gaze_mouse,0,0.6676
gaze_mouse,1,0.4941
gaze_mouse,1,0.9443
gaze_mouse,0,0.0005
gaze_mouse,0,0.0
gaze_mouse,1,1.0
gaze_mouse,0,0.598
gaze_mouse,1,1.0
gaze_mouse,0,0.109
gaze_mouse,1,0.7
gaze_mouse,0,0.4749
gaze_mouse,0,0.3674
gaze_mouse,1,0.6319
gaze_mouse,0,0.0
gaze_mouse,1,0.7842
gaze_mouse,1,1.0
gaze_mouse,1,0.3907
gaze_mouse,1,0.9416
gaze_mouse,1,0.8495
gaze_mouse,0,0.475
gaze_mouse,0,0.5116
gaze_mouse,0,0.0417
gaze_mouse,1,0.2649
gaze_mouse,0,0.0899
gaze_mouse,0,0.5167
gaze_mouse,0,0.0874
gaze_mouse,0,0.0418
gaze_mouse,0,0.0
gaze_mouse,0,0.7758
gaze_mouse,1,0.9977
gaze_mouse,1,0.981
gaze_mouse,1,1.0
gaze_mouse,0,0.423
gaze_mouse,1,0.6767
gaze_mouse,0,0.2009
gaze_mouse,1,0.6217
gaze_mouse,1,1.0
gaze_mouse,1,0.9168
gaze_mouse,0,0.1109
gaze_mouse,0,0.3896
gaze_mouse,1,0.4467
gaze_mouse,0,0.7014
gaze_mouse,0,0.0517
gaze_mouse,0,0.4003
gaze_mouse,0,0.5698
gaze_mouse,0,0.3654
gaze_mouse,0,0.2783
gaze_mouse,1,0.7532
gaze_mouse,1,0.7331
gaze_mouse,1,0.577
gaze_mouse,0,0.1152
gaze_mouse,1,1.0
gaze_mouse,0,0.2174
gaze_mouse,0,0.0143
gaze_mouse,0,0.0951
gaze_mouse,0,0.5801
gaze_mouse,1,0.9527
gaze_mouse,0,0.4181
gaze_mouse,1,0.6727
gaze_mouse,0,0.422
gaze_mouse,1,0.5569
gaze_mouse,0,0.1721
gaze_mouse,0,0.5409
gaze_mouse,1,1.0
gaze_mouse,1,0.4554
gaze_mouse,0,0.0
gaze_mouse,1,0.7826
gaze_mouse,0,0.7678
gaze_mouse,1,0.1753
gaze_mouse,1,0.8335
gaze_mouse,0,0.0
gaze_mouse,1,0.5597
gaze_mouse,0,0.1407
gaze_mouse,0,0.1238
gaze_mouse,0,0.0899
gaze_mouse,0,0.2522
gaze_mouse,1,0.5894
gaze_mouse,0,0.0
gaze_mouse,0,0.484
gaze_mouse,1,0.9759
gaze_mouse,0,0.503
gaze_mouse,1,0.2878
gaze_mouse,0,0.3397
gaze_mouse,1,0.9528
gaze_mouse,1,0.4406
gaze_mouse,1,0.7528
gaze_mouse,0,0.2151
gaze_mouse,0,0.8026
gaze_mouse,1,1.0
gaze_mouse,0,0.0
gaze_mouse,1,1.0
gaze_mouse,0,0.0
gaze_mouse,1,1.0
gaze_mouse,1,1.0
gaze_mouse,0,0.0
gaze_mouse,0,0.398
gaze_mouse,1,0.7177
gaze_mouse,0,0.4163
gaze_mouse,1,0.8192
gaze_mouse,0,0.6089
gaze_mouse,1,0.7726
gaze_mouse,1,0.6996
gaze_mouse,0,0.5788
gaze_mouse,1,0.9241
gaze_mouse,0,0.4695
gaze_mouse,1,0.5506
gaze_mouse,0,0.0
gaze_mouse,0,0.0797
gaze_mouse,0,0.0638
gaze_mouse,0,0.4859
gaze_mouse,0,0.5428
gaze_mouse,1,0.7035
gaze_mouse,0,0.6793
gaze_mouse,1,1.0
gaze_mouse,0,0.323
gaze_mouse,0,0.0034
gaze_mouse,1,1.0
gaze_mouse,1,0.7317
gaze_mouse,0,0.2878
gaze_mouse,0,0.1481
gaze_mouse,1,0.4831
gaze_mouse,1,0.3094
gaze_mouse,1,0.9399
gaze_mouse,0,0.015
gaze_mouse,0,1.0
gaze_mouse,1,0.4242
gaze_mouse,1,0.3728
gaze_mouse,0,0.403
gaze_mouse,0,0.7088
gaze_mouse,0,0.2694
gaze_mouse,1,0.9217
gaze_mouse,0,0.0
gaze_mouse,0,0.0467
gaze_mouse,0,0.0
gaze_mouse,1,0.1815
gaze_mouse,0,0.2851
gaze_mouse,0,0.0
gaze_mouse,0,0.0
gaze_mouse,0,0.0888
gaze_mouse,1,0.5006
gaze_mouse,0,0.3689
gaze_mouse,0,0.3417
gaze_mouse,1,1.0
gaze_mouse,0,0.4757
gaze_mouse,1,1.0
gaze_mouse,1,0.7494
gaze_mouse,0,0.341
gaze_mouse,1,0.9035
gaze_mouse,0,0.2925
gaze_mouse,1,0.6308
gaze_mouse,0,0.1503
gaze_mouse,1,0.5047
gaze_mouse,1,0.8765
gaze_mouse,1,0.7218
gaze_mouse,0,0.051
gaze_mouse,0,0.0513
gaze_mouse,0,0.0
gaze_mouse,0,0.5437
gaze_mouse,1,0.7736
gaze_mouse,0,0.0
gaze_mouse,1,0.9926
gaze_mouse,1,0.5819
gaze_mouse,0,0.0
gaze_mouse,0,0.5564
gaze_mouse,1,0.5889
gaze_mouse,0,0.1273
gaze_mouse,0,0.2624
gaze_mouse,1,1.0
gaze_mouse,1,0.756
gaze_mouse,0,0.0
gaze_mouse,0,0.4132
gaze_mouse,0,0.1045
gaze_mouse,1,1.0
gaze_mouse,1,0.7497
gaze_mouse,1,0.0795
gaze_mouse,1,0.8572
gaze_mouse,1,1.0
gaze_mouse,0,0.7228
gaze_mouse,0,0.7993
gaze_mouse,1,0.4441
gaze_mouse,1,1.0
gaze_mouse,1,0.5334
gaze_mouse,0,0.3173
gaze_mouse,0,0.0
gaze_mouse,0,0.0567
gaze_mouse,0,0.0471
gaze_mouse,1,1.0
gaze_mouse,1,0.9902
gaze_mouse,0,0.333
gaze_mouse,0,0.0
gaze_mouse,1,0.6565
gaze_mouse,0,0.0262
gaze_mouse,1,1.0
gaze_mouse,1,1.0
gaze_mouse,0,0.5669
gaze_mouse,0,0.0234
gaze_mouse,1,0.0
gaze_mouse,1,0.2199
gaze_mouse,0,0.6765
gaze_mouse,1,0.6296
gaze_mouse,1,0.5248
gaze_mouse,1,1.0
gaze_mouse,0,0.6295
gaze_mouse,1,0.7573
gaze_mouse,1,0.662
gaze_mouse,0,0.2104
gaze_mouse,0,0.3181
gaze_mouse,1,1.0
gaze_mouse,0,0.3767
gaze_mouse,0,0.4678
gaze_mouse,0,0.6008
gaze_mouse,1,0.3991
gaze_mouse,1,0.9765
gaze_mouse,0,0.1616
gaze_mouse,1,0.0
gaze_mouse,0,0.0
gaze_mouse,1,0.4446
gaze_mouse,1,0.9094
gaze_mouse,1,0.7841
gaze_mouse,0,0.3053
gaze_mouse,1,1.0
gaze_mouse,0,0.0
gaze_mouse,1,0.7418
gaze_mouse,0,0.3413
gaze_mouse,0,0.0291
gaze_mouse,0,0.2585
gaze_mouse,1,0.27
gaze_mouse,0,0.673
gaze_mouse,1,0.5455
gaze_mouse,0,0.8594
gaze_mouse,0,0.2403
gaze_mouse,1,1.0
gaze_mouse,0,0.234
gaze_mouse,1,0.7408
gaze_mouse,1,0.5748
gaze_mouse,0,0.2857
gaze_mouse,0,0.3454
gaze_mouse,0,0.0147
gaze_mouse,1,0.7125
gaze_mouse,1,0.567
gaze_mouse,0,0.9399
gaze_mouse,0,0.2231
gaze_mouse,0,0.7136
gaze_mouse,0,0.1913
gaze_mouse,1,0.8278
gaze_mouse,1,0.3536
gaze_mouse,0,0.1159
gaze_mouse,1,0.8132
gaze_mouse,0,0.7258
gaze_mouse,0,0.3166
gaze_mouse,1,1.0
gaze_mouse,1,0.9422
gaze_mouse,1,1.0
gaze_mouse,0,0.2323
gaze_mouse,0,0.9671
gaze_mouse,0,0.1044
gaze_mouse,0,0.0201
gaze_environment,0,0.0
gaze_environment,1,1.0
gaze_environment,1,0.9758
gaze_environment,0,0.1498
gaze_environment,0,0.6247
gaze_environment,1,0.9363
gaze_environment,0,0.8398
gaze_environment,1,0.2657
gaze_environment,0,0.1704
gaze_environment,0,0.1112
gaze_environment,1,0.1379
gaze_environment,1,1.0
gaze_environment,1,0.6489
gaze_environment,1,0.9519
gaze_environment,1,1.0
gaze_environment,1,0.624
gaze_environment,1,0.6037
gaze_environment,0,0.2856
gaze_environment,1,1.0
gaze_environment,0,0.08
gaze_environment,1,0.5407
gaze_environment,0,0.5672
gaze_environment,0,0.3636
gaze_environment,1,0.1166
gaze_environment,1,0.3624
gaze_environment,1,1.0
gaze_environment,0,0.3706
gaze_environment,1,0.5013
gaze_environment,1,0.6789
gaze_environment,0,0.254
gaze_environment,0,0.4707
gaze_environment,0,0.0
gaze_environment,0,0.0
gaze_environment,1,0.8119
gaze_environment,1,0.7
gaze_environment,0,0.4216
gaze_environment,1,0.3611
gaze_environment,1,0.8371
gaze_environment,0,0.5775
gaze_environment,1,0.876
gaze_environment,0,0.2917
gaze_environment,1,0.7012
gaze_environment,1,0.4795
gaze_environment,0,0.2284
gaze_environment,0,0.6279
gaze_environment,1,0.6943
gaze_environment,0,0.0
gaze_environment,1,0.5823
gaze_environment,1,0.7903
gaze_environment,1,0.6179
gaze_environment,1,0.8756
gaze_environment,0,0.4069
gaze_environment,0,0.5167
gaze_environment,0,0.6771
gaze_environment,0,0.5488
gaze_environment,0,0.0
gaze_environment,1,0.4589
gaze_environment,0,0.2273
gaze_environment,1,0.5946
gaze_environment,1,0.3885
gaze_environment,1,0.5975
gaze_environment,1,0.5876
gaze_environment,0,0.0484
gaze_environment,1,0.6353
gaze_environment,0,0.6035
gaze_environment,0,0.3098
gaze_environment,1,1.0
gaze_environment,0,0.3012
gaze_environment,0,0.163
gaze_environment,0,0.2512
gaze_environment,1,0.8069
gaze_environment,0,0.3806
gaze_environment,0,0.873
gaze_environment,0,0.0
gaze_environment,1,0.9877
gaze_environment,0,0.3123
gaze_environment,0,0.0
gaze_environment,0,0.4812
gaze_environment,1,1.0
gaze_environment,1,0.4728
gaze_environment,1,0.7273
gaze_environment,0,0.0
gaze_environment,0,0.0
gaze_environment,1,1.0
gaze_environment,1,0.5901
gaze_environment,1,0.3974
gaze_environment,0,0.3188
gaze_environment,0,0.0933
gaze_environment,1,0.5888
gaze_environment,1,0.9518
gaze_environment,0,0.0
gaze_environment,1,0.4584
gaze_environment,1,0.7762
gaze_environment,0,0.5408
gaze_environment,1,1.0
gaze_environment,0,0.0505
gaze_environment,0,0.5312
gaze_environment,1,0.4948
gaze_environment,1,1.0
gaze_environment,0,0.0
gaze_environment,1,1.0
gaze_environment,0,0.0531
gaze_environment,1,1.0
gaze_environment,0,0.4274
gaze_environment,1,0.4252
gaze_environment,1,0.5733
gaze_environment,1,0.9644
gaze_environment,1,1.0
gaze_environment,0,0.2288
gaze_environment,1,0.7434
gaze_environment,0,0.4775
gaze_environment,1,0.7695
gaze_environment,1,0.3419
gaze_environment,0,0.0061
gaze_environment,1,0.8005
gaze_environment,1,1.0
gaze_environment,0,0.7348
gaze_environment,0,0.4839
gaze_environment,0,0.3362
gaze_environment,0,0.4746
gaze_environment,0,0.05
gaze_environment,1,0.684
gaze_environment,1,0.4828
gaze_environment,0,0.0
gaze_environment,1,0.8301
gaze_environment,1,0.7857
gaze_environment,0,0.4563
gaze_environment,1,0.8938
gaze_environment,1,0.8028
gaze_environment,1,0.897
gaze_environment,1,0.7172
gaze_environment,1,0.8539
gaze_environment,0,0.0322
gaze_environment,1,0.8409
gaze_environment,1,0.9305
gaze_environment,0,0.0491
gaze_environment,1,0.7455
gaze_environment,0,0.0629
gaze_environment,0,0.092
gaze_environment,0,0.0
gaze_environment,1,1.0
gaze_environment,0,0.5697
gaze_environment,0,0.4112
gaze_environment,0,0.8417
gaze_environment,1,0.6732
gaze_environment,1,1.0
gaze_environment,0,0.1817
gaze_environment,0,0.3266
gaze_environment,1,0.6107
gaze_environment,0,0.3617
gaze_environment,1,0.9807
gaze_environment,0,0.2158
gaze_environment,1,1.0
gaze_environment,0,0.3217
gaze_environment,0,0.3311
gaze_environment,1,0.4573
gaze_environment,0,0.3755
gaze_environment,1,0.6898
gaze_environment,1,0.5475
gaze_environment,1,0.4971
gaze_environment,1,1.0
gaze_environment,1,0.651
gaze_environment,0,0.0
gaze_environment,0,0.0405
gaze_environment,0,0.2345
gaze_environment,1,0.894
gaze_environment,0,0.4164
gaze_environment,0,0.453
gaze_environment,0,0.0565
gaze_environment,0,0.3521
gaze_environment,0,0.0
gaze_environment,0,0.0641
gaze_environment,1,0.4547
gaze_environment,1,0.3735
gaze_environment,1,1.0
gaze_environment,0,0.4566
gaze_environment,1,1.0
gaze_environment,0,0.2618
gaze_environment,1,0.963
gaze_environment,1,0.2016
gaze_environment,1,0.9889
gaze_environment,0,0.3031
gaze_environment,0,0.4381
gaze_environment,1,0.844
gaze_environment,0,0.0
gaze_environment,0,0.0
gaze_environment,0,0.0364
gaze_environment,0,0.4195
gaze_environment,0,0.457
gaze_environment,0,0.0
gaze_environment,1,0.4357
gaze_environment,1,0.513
gaze_environment,1,0.6228
gaze_environment,0,0.0
gaze_environment,1,0.3034
gaze_environment,0,0.0034
gaze_environment,0,0.2759
gaze_environment,0,0.0
gaze_environment,0,0.2153
gaze_environment,1,1.0
gaze_environment,0,0.0
gaze_environment,1,0.6681
gaze_environment,0,0.5574
gaze_environment,1,0.6045
gaze_environment,0,0.0779
gaze_environment,0,0.599
gaze_environment,1,0.6381
gaze_environment,1,1.0
gaze_environment,0,0.3787
gaze_environment,1,0.6271
gaze_environment,0,0.3939
gaze_environment,1,0.8261
gaze_environment,1,1.0
gaze_environment,0,0.0855
gaze_environment,1,0.7424
gaze_environment,0,0.2315
gaze_environment,0,0.4612
gaze_environment,0,0.0
gaze_environment,0,0.5551
gaze_environment,1,0.8699
gaze_environment,0,0.0
gaze_environment,0,0.6125
gaze_environment,1,1.0
gaze_environment,0,0.5506
gaze_environment,1,1.0
gaze_environment,0,0.2756
gaze_environment,1,0.2315
gaze_environment,1,0.1768
gaze_environment,1,0.8065
gaze_environment,0,0.0724
gaze_environment,0,0.0
gaze_environment,1,0.7112
gaze_environment,0,0.4347
gaze_environment,1,0.2942
gaze_environment,0,0.1153
gaze_environment,1,1.0
gaze_environment,1,0.4074
gaze_environment,0,0.5109
gaze_environment,0,0.1046
gaze_environment,1,0.8937
gaze_environment,0,0.5792
gaze_environment,1,0.9524
gaze_environment,0,0.5227
gaze_environment,1,0.3845
gaze_environment,1,1.0
gaze_environment,0,0.0
gaze_environment,1,0.8079
gaze_environment,0,0.3275
gaze_environment,1,0.8755
gaze_environment,0,0.3511
gaze_environment,0,0.0
gaze_environment,0,0.0
gaze_environment,0,0.5117
gaze_environment,0,0.3058
gaze_environment,1,1.0
gaze_environment,0,0.2366
gaze_environment,1,0.3085
gaze_environment,0,0.5398
gaze_environment,0,0.1389
gaze_environment,1,0.8326
gaze_environment,1,0.5358
gaze_environment,0,0.7433
gaze_environment,0,0.0
gaze_environment,1,0.6288
gaze_environment,1,0.7622
gaze_environment,1,0.4023
gaze_environment,0,0.3492
gaze_environment,0,0.7336
gaze_environment,1,0.5829
gaze_environment,1,0.8485
gaze_environment,0,0.0
gaze_environment,0,0.2383
gaze_environment,0,0.1561
gaze_environment,1,0.4845
gaze_environment,0,0.5744
gaze_environment,0,0.1521
gaze_environment,0,0.1968
gaze_environment,1,0.6168
gaze_environment,0,0.0
gaze_environment,0,0.0
gaze_environment,0,0.5383
gaze_environment,0,0.0
gaze_environment,1,0.5001
gaze_environment,0,0.1301
gaze_environment,0,0.7731
gaze_environment,1,0.9606
gaze_environment,0,0.0828
gaze_environment,1,1.0
gaze_environment,1,0.5078
gaze_environment,0,0.5527
gaze_environment,1,0.3223
gaze_environment,0,0.572
gaze_environment,1,0.6082
gaze_environment,0,0.0
gaze_environment,1,0.6649
gaze_environment,1,0.8132
gaze_environment,1,0.5816
gaze_environment,0,0.4162
gaze_environment,0,0.0751
gaze_environment,0,0.4361
gaze_environment,0,0.3827
gaze_environment,1,0.7117
gaze_environment,0,0.1176
gaze_environment,1,0.7755
gaze_environment,1,0.8951
gaze_environment,0,0.8685
gaze_environment,0,0.5318
gaze_environment,1,1.0
gaze_environment,0,1.0
gaze_environment,0,0.4048
gaze_environment,1,0.8754
gaze_environment,1,0.9412
gaze_environment,0,0.0
gaze_environment,0,0.1168
gaze_environment,0,0.0981
gaze_environment,1,0.9243
gaze_environment,1,0.6777
gaze_environment,1,0.7715
gaze_environment,1,1.0
gaze_environment,1,0.9889
gaze_environment,0,0.2015
gaze_environment,0,0.049
gaze_environment,1,1.0
gaze_environment,1,0.9622
gaze_environment,1,0.2481
gaze_environment,0,0.1561
gaze_environment,0,0.2997
gaze_environment,0,0.4836
gaze_environment,0,0.523
gaze_environment,1,0.8152
gaze_environment,1,0.9056
gaze_environment,0,0.2692
gaze_environment,0,0.0478
gaze_environment,1,0.6516
gaze_environment,0,0.2557
gaze_environment,1,0.7196
gaze_environment,1,0.1643
gaze_environment,0,0.1308
gaze_environment,0,0.2669
gaze_environment,1,0.6456
gaze_environment,1,0.656
gaze_environment,0,0.3964
gaze_environment,1,0.4063
gaze_environment,1,0.2416
gaze_environment,1,0.6255
gaze_environment,0,0.4792
gaze_environment,1,1.0
gaze_environment,1,0.9646
gaze_environment,0,0.0
gaze_environment,0,0.1803
gaze_environment,1,0.807
gaze_environment,0,0.3033
gaze_environment,0,0.4118
gaze_environment,0,0.0
gaze_environment,1,0.7495
gaze_environment,1,0.8561
gaze_environment,0,0.4977
gaze_environment,1,0.4883
gaze_environment,0,0.1465
gaze_environment,1,0.0
gaze_environment,1,0.5436
gaze_environment,1,0.5727
gaze_environment,0,0.0
gaze_environment,1,0.7797
gaze_environment,0,0.2332
gaze_environment,1,0.0522
gaze_environment,0,0.3147
gaze_environment,0,0.0
gaze_environment,0,0.3957
gaze_environment,1,0.3454
gaze_environment,0,0.259
gaze_environment,1,0.6451
gaze_environment,0,0.3409
gaze_environment,0,0.2874
gaze_environment,1,0.6535
gaze_environment,0,0.0
gaze_environment,1,0.2868
gaze_environment,1,0.5548
gaze_environment,0,0.2475
gaze_environment,0,0.0675
gaze_environment,0,0.4376
gaze_environment,1,0.6462
gaze_environment,1,0.4405
gaze_environment,0,0.1666
gaze_environment,0,0.3178
gaze_environment,0,0.3475
gaze_environment,0,0.8135
gaze_environment,1,0.5293
gaze_environment,1,0.708
gaze_environment,0,0.3778
gaze_environment,1,0.723
gaze_environment,0,0.0998
gaze_environment,0,0.0
gaze_environment,1,0.5767
gaze_environment,1,0.4079
gaze_environment,1,0.212
gaze_environment,0,0.0113
gaze_environment,0,0.0
gaze_environment,0,0.4251
gaze_environment,0,0.4303
mouse_environment,0,0.0
mouse_environment,1,0.6971
mouse_environment,1,0.2497
mouse_environment,0,0.1116
mouse_environment,0,0.3617
mouse_environment,1,1.0
mouse_environment,0,0.0503
mouse_environment,1,1.0
mouse_environment,0,0.0
mouse_environment,0,0.0
mouse_environment,1,0.9687
mouse_environment,1,1.0
mouse_environment,1,0.9082
mouse_environment,1,0.7587
mouse_environment,1,0.1553
mouse_environment,1,0.2037
mouse_environment,1,0.8062
mouse_environment,0,0.1497
mouse_environment,1,0.4604
mouse_environment,0,0.2683
mouse_environment,1,0.8022
mouse_environment,0,0.5144
mouse_environment,0,0.2882
mouse_environment,1,1.0
mouse_environment,1,0.7722
mouse_environment,1,0.7377
mouse_environment,0,0.548
mouse_environment,1,0.496
mouse_environment,1,1.0
mouse_environment,0,0.3551
mouse_environment,0,0.3566
mouse_environment,0,0.397
mouse_environment,0,0.7756
mouse_environment,1,0.9919
mouse_environment,1,0.3206
mouse_environment,0,0.643
mouse_environment,1,0.6745
mouse_environment,1,0.8
mouse_environment,0,0.0
mouse_environment,1,0.9173
mouse_environment,0,0.0676
mouse_environment,1,0.798
mouse_environment,1,0.6905
mouse_environment,0,0.789
mouse_environment,0,0.805
mouse_environment,1,0.783
mouse_environment,0,0.2679
mouse_environment,1,0.6654
mouse_environment,1,1.0
mouse_environment,1,0.6779
mouse_environment,1,0.652
mouse_environment,0,0.524
mouse_environment,0,0.0993
mouse_environment,0,0.2394
mouse_environment,0,0.0
mouse_environment,0,0.4472
mouse_environment,1,1.0
mouse_environment,0,0.4519
mouse_environment,1,1.0
mouse_environment,1,0.5331
mouse_environment,1,0.8362
mouse_environment,1,0.5059
mouse_environment,0,0.1862
mouse_environment,1,0.9862
mouse_environment,0,0.2785
mouse_environment,0,0.0
mouse_environment,1,0.4018
mouse_environment,0,0.0
mouse_environment,0,0.3876
mouse_environment,0,0.8279
mouse_environment,1,1.0
mouse_environment,0,0.0
mouse_environment,0,0.6479
mouse_environment,0,0.5122
mouse_environment,1,0.3373
mouse_environment,0,0.1651
mouse_environment,0,0.5567
mouse_environment,0,0.4041
mouse_environment,1,0.4035
mouse_environment,1,0.941
mouse_environment,1,0.1715
mouse_environment,0,0.1876
mouse_environment,0,0.5686
mouse_environment,1,0.7752
mouse_environment,1,0.6303
mouse_environment,1,1.0
mouse_environment,0,0.5229
mouse_environment,0,0.6168
mouse_environment,1,1.0
mouse_environment,1,1.0
mouse_environment,0,0.4552
mouse_environment,1,0.8443
mouse_environment,1,0.7951
mouse_environment,0,0.1836
mouse_environment,1,0.4305
mouse_environment,0,0.0
mouse_environment,0,0.171
mouse_environment,1,0.8376
mouse_environment,1,1.0
mouse_environment,0,0.2383
mouse_environment,1,1.0
mouse_environment,0,0.5522
mouse_environment,1,0.7052
mouse_environment,0,0.4165
mouse_environment,1,0.7018
mouse_environment,1,1.0
mouse_environment,1,0.948
mouse_environment,1,0.4367
mouse_environment,0,0.2952
mouse_environment,1,1.0
mouse_environment,0,0.1993
mouse_environment,1,0.8954
mouse_environment,1,0.9228
mouse_environment,0,0.0
mouse_environment,1,0.913
mouse_environment,1,0.3797
mouse_environment,0,0.0748
mouse_environment,0,0.5512
mouse_environment,0,0.3499
mouse_environment,0,0.1647
mouse_environment,0,0.375
mouse_environment,1,0.7532
mouse_environment,1,0.7735
mouse_environment,0,0.4339
mouse_environment,1,0.5663
mouse_environment,1,0.7813
mouse_environment,0,0.1626
mouse_environment,1,0.326
mouse_environment,1,0.5123
mouse_environment,1,1.0
mouse_environment,1,0.8777
mouse_environment,1,0.3994
mouse_environment,0,0.0
mouse_environment,1,0.7386
mouse_environment,1,1.0
mouse_environment,0,0.1977
mouse_environment,1,1.0
mouse_environment,0,0.3485
mouse_environment,0,0.382
mouse_environment,0,0.0
mouse_environment,1,1.0
mouse_environment,0,0.1562
mouse_environment,0,0.4917
mouse_environment,0,0.022
mouse_environment,1,0.8196
mouse_environment,1,0.8686
mouse_environment,0,0.2069
mouse_environment,0,0.3633
mouse_environment,1,0.6954
mouse_environment,0,0.0683
mouse_environment,1,1.0
mouse_environment,0,0.5437
mouse_environment,1,0.557
mouse_environment,0,0.4092
mouse_environment,0,0.042
mouse_environment,1,0.4383
mouse_environment,0,0.5395
mouse_environment,1,0.2929
mouse_environment,1,1.0
mouse_environment,1,0.6992
mouse_environment,1,0.7108
mouse_environment,1,0.8847
mouse_environment,0,0.4127
mouse_environment,0,0.0186
mouse_environment,0,0.451
mouse_environment,1,0.8017
mouse_environment,0,0.0
mouse_environment,0,0.2024
mouse_environment,0,0.6368
mouse_environment,0,0.7194
mouse_environment,0,0.4509
mouse_environment,0,0.0
mouse_environment,1,0.9074
mouse_environment,1,1.0
mouse_environment,1,0.9732
mouse_environment,0,0.4698
mouse_environment,1,0.8717
mouse_environment,0,0.2297
mouse_environment,1,0.5997
mouse_environment,1,0.2386
mouse_environment,1,0.8651
mouse_environment,0,0.3021
mouse_environment,0,0.4061
mouse_environment,1,0.3955
mouse_environment,0,0.4306
mouse_environment,0,0.8253
mouse_environment,0,0.272
mouse_environment,0,0.2327
mouse_environment,0,0.3365
mouse_environment,0,0.8191
mouse_environment,1,0.4834
mouse_environment,1,0.8269
mouse_environment,1,0.5461
mouse_environment,0,0.0968
mouse_environment,1,0.7561
mouse_environment,0,0.6273
mouse_environment,0,0.7543
mouse_environment,0,0.3755
mouse_environment,0,0.1446
mouse_environment,1,1.0
mouse_environment,0,0.1303
mouse_environment,1,0.6101
mouse_environment,0,0.0
mouse_environment,1,1.0
mouse_environment,0,0.5211
mouse_environment,0,0.927
mouse_environment,1,0.3809
mouse_environment,1,1.0
mouse_environment,0,0.2696
mouse_environment,1,0.9957
mouse_environment,0,0.0
mouse_environment,1,1.0
mouse_environment,1,0.9902
mouse_environment,0,0.2391
mouse_environment,1,0.9506
mouse_environment,0,0.0357
mouse_environment,0,0.0878
mouse_environment,0,0.1202
mouse_environment,0,0.0
mouse_environment,1,1.0
mouse_environment,0,0.5836
mouse_environment,0,0.0536
mouse_environment,1,0.8675
mouse_environment,0,0.1756
mouse_environment,1,0.8619
mouse_environment,0,0.0743
mouse_environment,1,0.5226
mouse_environment,1,1.0
mouse_environment,1,0.7521
mouse_environment,0,0.8162
mouse_environment,0,0.263
mouse_environment,1,0.5107
mouse_environment,0,0.5935
mouse_environment,1,0.9466
mouse_environment,0,0.4535
mouse_environment,1,1.0
mouse_environment,1,0.5872
mouse_environment,0,0.2144
mouse_environment,0,0.202
mouse_environment,1,0.4086
mouse_environment,0,0.1762
mouse_environment,1,1.0
mouse_environment,0,0.3165
mouse_environment,1,0.3931
mouse_environment,1,0.3344
mouse_environment,0,0.7161
mouse_environment,1,0.7447
mouse_environment,0,0.0687
mouse_environment,1,0.6933
mouse_environment,0,0.0
mouse_environment,0,0.6485
mouse_environment,0,0.1399
mouse_environment,0,0.6329
mouse_environment,0,0.2645
mouse_environment,1,1.0
mouse_environment,0,0.3219
mouse_environment,1,1.0
mouse_environment,0,0.4513
mouse_environment,0,0.4245
mouse_environment,1,0.8674
mouse_environment,1,0.7048
mouse_environment,0,0.7863
mouse_environment,0,0.0
mouse_environment,1,0.7712
mouse_environment,1,0.7742
mouse_environment,1,0.8827
mouse_environment,0,0.1297
mouse_environment,0,0.3381
mouse_environment,1,0.7227
mouse_environment,1,0.3271
mouse_environment,0,0.2527
mouse_environment,0,0.0
mouse_environment,0,0.0
mouse_environment,1,0.8083
mouse_environment,0,0.3866
mouse_environment,0,0.3975
mouse_environment,0,0.4088
mouse_environment,1,0.2289
mouse_environment,0,0.0
mouse_environment,0,0.8026
mouse_environment,0,0.0
mouse_environment,0,0.421
mouse_environment,1,0.5777
mouse_environment,0,0.2723
mouse_environment,0,0.0727
mouse_environment,1,0.9272
mouse_environment,0,0.2883
mouse_environment,1,0.6445
mouse_environment,1,0.476
mouse_environment,0,0.325
mouse_environment,1,0.4304
mouse_environment,0,0.3697
mouse_environment,1,1.0
mouse_environment,0,0.628
mouse_environment,1,0.9711
mouse_environment,1,0.746
mouse_environment,1,0.2271
mouse_environment,0,0.0
mouse_environment,0,0.6092
mouse_environment,0,0.0289
mouse_environment,0,0.0542
mouse_environment,1,0.7236
mouse_environment,0,0.0
mouse_environment,1,0.4265
mouse_environment,1,0.7559
mouse_environment,0,0.0004
mouse_environment,0,0.0425
mouse_environment,1,0.5513
mouse_environment,0,0.3963
mouse_environment,0,0.185
mouse_environment,1,0.72
mouse_environment,1,0.9371
mouse_environment,0,0.2102
mouse_environment,0,0.1721
mouse_environment,0,0.3817
mouse_environment,1,0.9571
mouse_environment,1,0.7288
mouse_environment,1,0.7926
mouse_environment,1,0.5511
mouse_environment,1,0.529
mouse_environment,0,0.4654
mouse_environment,0,0.3746
mouse_environment,1,0.8975
mouse_environment,1,0.8486
mouse_environment,1,0.7829
mouse_environment,0,0.445
mouse_environment,0,0.5118
mouse_environment,0,0.5051
mouse_environment,0,0.2218
mouse_environment,1,1.0
mouse_environment,1,0.834
mouse_environment,0,0.4271
mouse_environment,0,0.329
mouse_environment,1,0.8392
mouse_environment,0,0.044
mouse_environment,1,0.9664
mouse_environment,1,1.0
mouse_environment,0,0.1451
mouse_environment,0,0.2699
mouse_environment,1,0.6451
mouse_environment,1,0.6334
mouse_environment,0,0.6824
mouse_environment,1,0.5816
mouse_environment,1,0.6373
mouse_environment,1,0.3255
mouse_environment,0,0.0379
mouse_environment,1,0.2916
mouse_environment,1,0.9469
mouse_environment,0,1.0
mouse_environment,0,0.1473
mouse_environment,1,0.3033
mouse_environment,0,0.502
mouse_environment,0,0.0465
mouse_environment,0,0.6138
mouse_environment,1,0.691
mouse_environment,1,0.5931
mouse_environment,0,0.2002
mouse_environment,1,0.9822
mouse_environment,0,0.1863
mouse_environment,1,0.6309
mouse_environment,1,0.7143
mouse_environment,1,0.4139
mouse_environment,0,0.3612
mouse_environment,1,0.2697
mouse_environment,0,0.1256
mouse_environment,1,0.9826
mouse_environment,0,0.3349
mouse_environment,0,0.4153
mouse_environment,0,0.2318
mouse_environment,1,1.0
mouse_environment,0,0.5089
mouse_environment,1,0.8949
mouse_environment,0,0.5097
mouse_environment,0,0.4601
mouse_environment,1,0.647
mouse_environment,0,0.0
mouse_environment,1,0.8877
mouse_environment,1,0.9229
mouse_environment,0,0.5553
mouse_environment,0,0.0
mouse_environment,0,0.0
mouse_environment,1,0.8988
mouse_environment,1,0.7501
mouse_environment,0,0.0
mouse_environment,0,0.355
mouse_environment,0,0.0
mouse_environment,0,0.0
mouse_environment,1,1.0
mouse_environment,1,1.0
mouse_environment,0,0.0
mouse_environment,1,0.6778
mouse_environment,0,0.2619
mouse_environment,0,0.7487
mouse_environment,1,0.632
mouse_environment,1,0.6365
mouse_environment,1,1.0
mouse_environment,0,0.1451
mouse_environment,0,0.4522
mouse_environment,0,0.0
mouse_environment,0,0.2021
all_three,0,0.0
all_three,1,0.6178
all_three,1,1.0
all_three,0,0.239
all_three,0,0.1798
all_three,1,0.6853
all_three,0,0.2015
all_three,1,0.9162
all_three,0,0.4662
all_three,0,0.0
all_three,1,0.667
all_three,1,0.885
all_three,1,0.8283
all_three,1,0.9387
all_three,1,0.9089
all_three,1,0.7829
all_three,1,0.7341
all_three,0,0.196
all_three,1,1.0
all_three,0,0.089
all_three,1,0.8362
all_three,0,0.2903
all_three,0,0.5933
all_three,1,0.7839
all_three,1,1.0
all_three,1,1.0
all_three,0,0.236
all_three,1,0.8036
all_three,1,0.7776
all_three,0,0.1937
all_three,0,0.4379
all_three,0,0.3008
all_three,0,0.3018
all_three,1,0.6025
all_three,1,0.6372
all_three,0,0.7216
all_three,1,0.8109
all_three,1,0.6796
all_three,0,0.5648
all_three,1,0.912
all_three,0,0.3772
all_three,1,0.8196
all_three,1,0.7799
all_three,0,0.2127
all_three,0,0.0
all_three,1,0.8307
all_three,0,0.3151
all_three,1,1.0
all_three,1,0.8689
all_three,1,0.3365
all_three,1,0.8293
all_three,0,0.8527
all_three,0,0.4406
all_three,0,0.0716
all_three,0,0.38
all_three,0,0.0868
all_three,1,0.5522
all_three,0,0.1734
all_three,1,0.8701
all_three,1,0.4381
all_three,1,0.5972
all_three,1,0.8523
all_three,0,0.1602
all_three,1,0.9369
all_three,0,0.0
all_three,0,0.4071
all_three,1,0.5896
all_three,0,0.6114
all_three,0,0.0
all_three,0,0.0096
all_three,1,0.9418
all_three,0,0.6161
all_three,0,0.3193
all_three,0,0.3738
all_three,1,0.8539
all_three,0,0.0242
all_three,0,0.1422
all_three,0,0.0
all_three,1,0.5687
all_three,1,0.9384
all_three,1,0.6029
all_three,0,0.3203
all_three,0,0.0
all_three,1,0.9152
all_three,1,0.7425
all_three,1,1.0
all_three,0,0.3212
all_three,0,0.5219
all_three,1,0.6838
all_three,1,0.8624
all_three,0,0.0342
all_three,1,0.759
all_three,1,0.7923
all_three,0,0.0903
all_three,1,0.5826
all_three,0,0.0
all_three,0,0.0
all_three,1,0.6176
all_three,1,0.988
all_three,0,0.0
all_three,1,0.549
all_three,0,0.644
all_three,1,0.71
all_three,0,0.3206
all_three,1,0.9913
all_three,1,0.9958
all_three,1,0.5151
all_three,1,0.7992
all_three,0,0.0
all_three,1,1.0
all_three,0,0.0
all_three,1,0.6195
all_three,1,0.6211
all_three,0,0.0
all_three,1,1.0
all_three,1,1.0
all_three,0,0.1453
all_three,0,0.0
all_three,0,0.0
all_three,0,0.1963
all_three,0,0.1804
all_three,1,0.7067
all_three,1,0.8987
all_three,0,0.3369
all_three,1,0.9211
all_three,1,0.7805
all_three,0,0.0076
all_three,1,0.9965
all_three,1,0.8528
all_three,1,1.0
all_three,1,1.0
all_three,1,0.5372
all_three,0,0.0
all_three,1,0.6838
all_three,1,0.6176
all_three,0,0.4162
all_three,1,0.9273
all_three,0,0.4918
all_three,0,0.3372
all_three,0,0.2959
all_three,1,1.0
all_three,0,0.3533
all_three,0,0.265
all_three,0,0.5757
all_three,1,0.8753
all_three,1,0.783
all_three,0,0.0657
all_three,0,0.4047
all_three,1,1.0
all_three,0,0.2389
all_three,1,1.0
all_three,0,0.0
all_three,1,0.8378
all_three,0,0.2412
all_three,0,0.0901
all_three,1,1.0
all_three,0,0.2354
all_three,1,0.7603
all_three,1,0.8557
all_three,1,0.4094
all_three,1,0.6828
all_three,1,1.0
all_three,0,0.1116
all_three,0,0.0676
all_three,0,0.5381
all_three,1,1.0
all_three,0,0.3637
all_three,0,0.1499
all_three,0,0.1973
all_three,0,0.0731
all_three,0,0.0311
all_three,0,0.0202
all_three,1,0.714
all_three,1,0.6224
all_three,1,0.506
all_three,0,0.2983
all_three,1,0.9016
all_three,0,0.6242
all_three,1,0.703
all_three,1,0.9151
all_three,1,0.9188
all_three,0,0.1942
all_three,0,0.4138
all_three,1,1.0
all_three,0,0.322
all_three,0,0.1938
all_three,0,0.1713
all_three,0,0.0
all_three,0,0.0727
all_three,0,0.1132
all_three,1,0.6027
all_three,1,0.9468
all_three,1,1.0
all_three,0,0.0502
all_three,1,0.9124
all_three,0,0.0225
all_three,0,0.1829
all_three,0,0.0981
all_three,0,0.3824
all_three,1,0.7007
all_three,0,0.4726
all_three,1,0.7959
all_three,0,0.1071
all_three,1,0.5743
all_three,0,0.3057
all_three,0,0.4469
all_three,1,0.9101
all_three,1,1.0
all_three,0,0.5646
all_three,1,0.7823
all_three,0,0.18
all_three,1,0.9533
all_three,1,0.6656
all_three,0,0.5066
all_three,1,0.9296
all_three,0,0.3064
all_three,0,0.4011
all_three,0,0.629
all_three,0,0.2876
all_three,1,0.8251
all_three,0,0.5819
all_three,0,0.4629
all_three,1,0.7794
all_three,0,0.2511
all_three,1,0.893
all_three,0,0.3296
all_three,1,0.5515
all_three,1,0.5107
all_three,1,0.6548
all_three,0,0.0378
all_three,0,0.1084
all_three,1,0.9896
all_three,0,0.2128
all_three,1,0.8932
all_three,0,0.0
all_three,1,0.7484
all_three,1,0.9792
all_three,0,0.3809
all_three,0,0.0906
all_three,1,0.8856
all_three,0,0.7337
all_three,1,0.8461
all_three,0,0.0975
all_three,1,0.8118
all_three,1,0.8703
all_three,0,0.2167
all_three,1,0.8431
all_three,0,0.0
all_three,1,0.6382
all_three,0,0.2171
all_three,0,0.2136
all_three,0,0.1254
all_three,0,0.2111
all_three,0,0.2634
all_three,1,1.0
all_three,0,0.2282
all_three,1,0.9378
all_three,0,0.1308
all_three,0,0.3759
all_three,1,0.9327
all_three,1,1.0
all_three,0,0.407
all_three,0,0.3795
all_three,1,0.8283
all_three,1,0.9039
all_three,1,1.0
all_three,0,0.1065
all_three,0,0.1118
all_three,1,0.8899
all_three,1,0.9414
all_three,0,0.0687
all_three,0,0.2336
all_three,0,0.2293
all_three,1,0.3626
all_three,0,0.2017
all_three,0,0.2154
all_three,0,0.2147
all_three,1,1.0
all_three,0,0.0
all_three,0,0.0686
all_three,0,0.0
all_three,0,0.1442
all_three,1,0.763
all_three,0,0.1378
all_three,0,0.4937
all_three,1,1.0
all_three,0,0.2671
all_three,1,0.7685
all_three,1,1.0
all_three,0,0.2457
all_three,1,0.67
all_three,0,0.0
all_three,1,0.7529
all_three,0,0.416
all_three,1,1.0
all_three,1,0.8636
all_three,1,0.6816
all_three,0,0.0
all_three,0,0.3714
all_three,0,0.0
all_three,0,0.3711
all_three,1,1.0
all_three,0,0.346
all_three,1,0.8017
all_three,1,0.9743
all_three,0,0.2876
all_three,0,0.0788
all_three,1,1.0
all_three,0,0.1726
all_three,0,0.4207
all_three,1,0.3179
all_three,1,1.0
all_three,0,0.5731
all_three,0,0.2566
all_three,0,0.3729
all_three,1,0.9729
all_three,1,0.7086
all_three,1,0.9704
all_three,1,0.6721
all_three,1,0.7161
all_three,0,0.4979
all_three,0,0.4644
all_three,1,0.6946
all_three,1,0.6886
all_three,1,0.708
all_three,0,0.4112
all_three,0,0.03
all_three,0,0.3285
all_three,0,0.4143
all_three,1,0.8306
all_three,1,1.0
all_three,0,0.1831
all_three,0,0.203
all_three,1,0.635
all_three,0,0.4738
all_three,1,0.6814
all_three,1,0.9269
all_three,0,0.2343
all_three,0,0.0184
all_three,1,0.716
all_three,1,1.0
all_three,0,0.2944
all_three,1,0.628
all_three,1,0.9172
all_three,1,0.8179
all_three,0,1.0
all_three,1,0.9127
all_three,1,0.7663
all_three,0,0.5624
all_three,0,0.0
all_three,1,0.8708
all_three,0,0.6888
all_three,0,0.2244
all_three,0,0.0
all_three,1,0.7629
all_three,1,1.0
all_three,0,0.3327
all_three,1,0.6655
all_three,0,0.0992
all_three,1,0.7269
all_three,1,0.9295
all_three,1,1.0
all_three,0,0.4815
all_three,1,0.9503
all_three,0,0.0
all_three,1,0.5579
all_three,0,0.3673
all_three,0,0.0
all_three,0,0.2004
all_three,1,0.9169
all_three,0,0.0
all_three,1,0.6247
all_three,0,0.2293
all_three,0,0.3608
all_three,1,1.0
all_three,0,0.3836
all_three,1,0.8662
all_three,1,0.6858
all_three,0,0.0144
all_three,0,0.1376
all_three,0,0.3402
all_three,1,0.9241
all_three,1,0.388
all_three,0,0.0772
all_three,0,0.515
all_three,0,0.2674
all_three,0,0.0
all_three,1,1.0
all_three,1,0.8436
all_three,0,0.3346
all_three,1,0.9379
all_three,0,0.1691
all_three,0,0.0899
all_three,1,1.0
all_three,1,1.0
all_three,1,1.0
all_three,0,0.3768
all_three,0,0.0293
all_three,0,0.5311
all_three,0,0.0645
